Repository,Ontology,CreationDate,Format,Filename,Length,URL
data.bioontology.org,HRAVS,20240509,SKOS,hravs-20240509-skos__skos-valueset-2024-05-09T130503.ttl,278216,https://data.bioontology.org/ontologies/HRAVS/submissions/90
data.bioontology.org,AFPO,20240507,OWL,afpo-20240507-owl__afpo.owl,1369705,https://data.bioontology.org/ontologies/AFPO/submissions/1
data.bioontology.org,PROCO,20240508,OWL,proco-20240508-owl__proco.owl,1418368,https://data.bioontology.org/ontologies/PROCO/submissions/1
data.bioontology.org,NGBO,20240508,OWL,ngbo-20240508-owl__ngbo.owl,1415764,https://data.bioontology.org/ontologies/NGBO/submissions/2
data.bioontology.org,GALLONT,20240507,OWL,gallont-20240507-owl__gallont.owl,1072074,https://data.bioontology.org/ontologies/GALLONT/submissions/1
data.bioontology.org,MCRO,20240507,OWL,mcro-20240507-owl__mcro.owl,62715,https://data.bioontology.org/ontologies/MCRO/submissions/1
data.bioontology.org,T4FS,20240508,OWL,t4fs-20240508-owl__t4fs.owl,824414,https://data.bioontology.org/ontologies/T4FS/submissions/1
data.bioontology.org,ADO,20240507,OWL,ado-20240507-owl__ado.owl,5491455,https://data.bioontology.org/ontologies/ADO/submissions/4
data.bioontology.org,MAXO,20240509,OWL,maxo-20240509-owl__maxo.owl,42175653,https://data.bioontology.org/ontologies/MAXO/submissions/53
data.bioontology.org,MONDO,20240509,OBO,mondo-20240509-obo__mondo.obo,35680948,https://data.bioontology.org/ontologies/MONDO/submissions/63
data.bioontology.org,GO,20240430,OBO,go-20240430-obo__go.obo,34555426,https://data.bioontology.org/ontologies/GO/submissions/1822
data.bioontology.org,SBO,20231023,OWL,sbo-20231023-owl__SBO-OWL.owl,582599,https://data.bioontology.org/ontologies/SBO/submissions/663
data.bioontology.org,FOODON,20240411,OWL,foodon-20240411-owl__foodon.owl,36413240,https://data.bioontology.org/ontologies/FOODON/submissions/102
data.bioontology.org,SO,20240411,OWL,so-20240411-owl__so.owl,5287726,https://data.bioontology.org/ontologies/SO/submissions/308
data.bioontology.org,DDPHENO,20231214,OBO,ddpheno-20231214-obo__dicty-phenotypes.obo,371992,https://data.bioontology.org/ontologies/DDPHENO/submissions/507
data.bioontology.org,TTO,20180122,OWL,tto-20180122-owl__tto.owl,70851141,https://data.bioontology.org/ontologies/TTO/submissions/44
data.bioontology.org,MI,20230816,OBO,mi-20230816-obo__psi-mi.obo,730880,https://data.bioontology.org/ontologies/MI/submissions/65
data.bioontology.org,PATO,20240328,OWL,pato-20240328-owl__pato.owl,23924940,https://data.bioontology.org/ontologies/PATO/submissions/203
data.bioontology.org,PTO,20230718,OWL,pto-20230718-owl__to-basic.obo,617488,https://data.bioontology.org/ontologies/PTO/submissions/437
data.bioontology.org,BAO,20240221,OWL,bao-20240221-owl__bao-complete.owl,1668381,https://data.bioontology.org/ontologies/BAO/submissions/56
data.bioontology.org,MESH,20240131,UMLS,mesh-20240131-umls__MESH.ttl,805893968,https://data.bioontology.org/ontologies/MESH/submissions/27
data.bioontology.org,VT,20240423,OBO,vt-20240423-obo__VT-2024-04-23.obo,1576676,https://data.bioontology.org/ontologies/VT/submissions/137
data.bioontology.org,PO,20240418,OBO,po-20240418-obo__po.obo,1335592,https://data.bioontology.org/ontologies/PO/submissions/28
data.bioontology.org,NCIT,20240223,OWL,ncit-20240223-owl__ThesaurusInf.OWL.zip,43862890,https://data.bioontology.org/ontologies/NCIT/submissions/142
data.bioontology.org,UBERON,20240322,OWL,uberon-20240322-owl__uberon.owl,91151350,https://data.bioontology.org/ontologies/UBERON/submissions/343
data.bioontology.org,PANET,20240425,OWL,panet-20240425-owl__PaNET.owl,208390,https://data.bioontology.org/ontologies/PANET/submissions/25
data.bioontology.org,IDOBRU,20150328,OWL,idobru-20150328-owl__brucellosis-merged.owl,4878624,https://data.bioontology.org/ontologies/IDOBRU/submissions/61
data.bioontology.org,RS,20240422,OBO,rs-20240422-obo__rat-strain.obo,1083077,https://data.bioontology.org/ontologies/RS/submissions/264
data.bioontology.org,ORDO,20231213,OWL,ordo-20231213-owl__ordo-orphanet.owl,44031672,https://data.bioontology.org/ontologies/ORDO/submissions/28
data.bioontology.org,SYMP,20240209,OWL,symp-20240209-owl__symp.owl,831649,https://data.bioontology.org/ontologies/SYMP/submissions/34
data.bioontology.org,DOID,20240501,OWL,doid-20240501-owl__doid.owl,25057545,https://data.bioontology.org/ontologies/DOID/submissions/648
data.bioontology.org,MMO,20230710,OBO,mmo-20230710-obo__measurement-method.obo,493846,https://data.bioontology.org/ontologies/MMO/submissions/133
data.bioontology.org,EFO,20240415,OWL,efo-20240415-owl__efo.owl,228340545,https://data.bioontology.org/ontologies/EFO/submissions/262
data.bioontology.org,NANDO,20240227,OWL,nando-20240227-owl__nando.ttl,2814531,https://data.bioontology.org/ontologies/NANDO/submissions/15
data.bioontology.org,SWO,20230305,OWL,swo-20230305-owl__swo.owl,3132540,https://data.bioontology.org/ontologies/SWO/submissions/32
data.bioontology.org,PLANP,20200330,OWL,planp-20200330-owl__planp.owl,10529138,https://data.bioontology.org/ontologies/PLANP/submissions/5
data.bioontology.org,GO-PLUS,20240430,OWL,go-plus-20240430-owl__go-plus.owl,199798312,https://data.bioontology.org/ontologies/GO-PLUS/submissions/697
data.bioontology.org,HP,20240426,OBO,hp-20240426-obo__hp.obo,10156139,https://data.bioontology.org/ontologies/HP/submissions/613
data.bioontology.org,NCBITAXON,20240131,UMLS,ncbitaxon-20240131-umls__NCBITAXON.ttl,480408492,https://data.bioontology.org/ontologies/NCBITAXON/submissions/23
data.bioontology.org,OAE,20220903,OWL,oae-20220903-owl__oae-merged.owl,12935509,https://data.bioontology.org/ontologies/OAE/submissions/171
data.bioontology.org,CHEBI,20240501,OBO,chebi-20240501-obo__chebi.obo,250549203,https://data.bioontology.org/ontologies/CHEBI/submissions/196
data.bioontology.org,PW,20231113,OBO,pw-20231113-obo__pathway.obo,1307486,https://data.bioontology.org/ontologies/PW/submissions/112
data.bioontology.org,BIBLIOTEK-O,20170711,OWL,bibliotek-o-20170711-owl__ontology.owl,242969,https://data.bioontology.org/ontologies/BIBLIOTEK-O/submissions/3
data.bioontology.org,INO,20220327,OWL,ino-20220327-owl__ino-merged.owl,493136,https://data.bioontology.org/ontologies/INO/submissions/34
data.bioontology.org,GLYCORDF,20231218,OWL,glycordf-20231218-owl__glycan.owl,385545,https://data.bioontology.org/ontologies/GLYCORDF/submissions/60
data.bioontology.org,MARC-LANGUAGES,20240429,SKOS,marc-languages-20240429-skos__languages.skosrdf.ttl,464803,https://data.bioontology.org/ontologies/MARC-LANGUAGES/submissions/271
data.bioontology.org,MOP,20220517,OWL,mop-20220517-owl__mop.owl,4842233,https://data.bioontology.org/ontologies/MOP/submissions/8
data.bioontology.org,ZFS,20200408,OWL,zfs-20200408-owl__zfs.owl,74652,https://data.bioontology.org/ontologies/ZFS/submissions/168
data.bioontology.org,CARO,20230315,OWL,caro-20230315-owl__caro.owl,9696885,https://data.bioontology.org/ontologies/CARO/submissions/16
data.bioontology.org,HSAPDV,20230818,OWL,hsapdv-20230818-owl__hsapdv.owl,642223,https://data.bioontology.org/ontologies/HSAPDV/submissions/179
data.bioontology.org,OLATDV,20240403,OWL,olatdv-20240403-owl__olatdv.owl,131668,https://data.bioontology.org/ontologies/OLATDV/submissions/174
data.bioontology.org,FBbi,20201106,OWL,fbbi-20201106-owl__fbbi.owl,768600,https://data.bioontology.org/ontologies/FBbi/submissions/104
data.bioontology.org,COPDO,20170626,OWL,copdo-20170626-owl__copd-ontology-v4-20170620.owl,37331,https://data.bioontology.org/ontologies/COPDO/submissions/1
data.bioontology.org,ONLIRA,20160201,OWL,onlira-20160201-owl__ONLIRA-v106.owl,126914,https://data.bioontology.org/ontologies/ONLIRA/submissions/4
data.bioontology.org,CL,20240408,OWL,cl-20240408-owl__cl.owl,52744993,https://data.bioontology.org/ontologies/CL/submissions/113
data.bioontology.org,GAZ,20150224,OBO,gaz-20150224-obo__gaz-fixed.zip,17548614,https://data.bioontology.org/ontologies/GAZ/submissions/14
data.bioontology.org,VO,20240409,OWL,vo-20240409-owl__vo.owl,10993615,https://data.bioontology.org/ontologies/VO/submissions/291
data.bioontology.org,PDUMDV,20240403,OWL,pdumdv-20240403-owl__pdumdv.owl,73212,https://data.bioontology.org/ontologies/PDUMDV/submissions/175
data.bioontology.org,NIFSTD,20180210,OWL,nifstd-20180210-owl__nif.ttl,3801,https://data.bioontology.org/ontologies/NIFSTD/submissions/27
data.bioontology.org,XCO,20240506,OBO,xco-20240506-obo__experimental-condition.obo,762128,https://data.bioontology.org/ontologies/XCO/submissions/179
data.bioontology.org,ITO,20220909,OWL,ito-20220909-owl__ITO-instances-removed.owl,53946229,https://data.bioontology.org/ontologies/ITO/submissions/17
data.bioontology.org,ICD10CM,20240131,UMLS,icd10cm-20240131-umls__ICD10CM.ttl,51885017,https://data.bioontology.org/ontologies/ICD10CM/submissions/25
data.bioontology.org,TAO,20130822,OBO,tao-20130822-obo__tao.obo,903285,https://data.bioontology.org/ontologies/TAO/submissions/135
data.bioontology.org,FAO,20200507,OWL,fao-20200507-owl__fao.owl,223347,https://data.bioontology.org/ontologies/FAO/submissions/27
data.bioontology.org,EUPATH,20230601,OWL,eupath-20230601-owl__eupath.owl,5496422,https://data.bioontology.org/ontologies/EUPATH/submissions/19
data.bioontology.org,IDO,20200803,OWL,ido-20200803-owl__idofunctionalupdated.owl,389650,https://data.bioontology.org/ontologies/IDO/submissions/13
data.bioontology.org,ZFA,20221209,OBO,zfa-20221209-obo__zfa.obo,1636186,https://data.bioontology.org/ontologies/ZFA/submissions/248
data.bioontology.org,FB-CV,20240425,OWL,fb-cv-20240425-owl__fbcv.owl,4341464,https://data.bioontology.org/ontologies/FB-CV/submissions/49
data.bioontology.org,EDAM,20210226,OWL,edam-20210226-owl__EDAM-dev.owl,3411598,https://data.bioontology.org/ontologies/EDAM/submissions/44
data.bioontology.org,UO,20230809,OWL,uo-20230809-owl__uo.owl,559907,https://data.bioontology.org/ontologies/UO/submissions/220
data.bioontology.org,MP,20240429,OBO,mp-20240429-obo__MPheno-OBO.ontology,7337854,https://data.bioontology.org/ontologies/MP/submissions/433
data.bioontology.org,ICD9CM,20240131,UMLS,icd9cm-20240131-umls__ICD9CM.ttl,10513565,https://data.bioontology.org/ontologies/ICD9CM/submissions/25
data.bioontology.org,MPATH,20230930,OBO,mpath-20230930-obo__mpath.obo,251774,https://data.bioontology.org/ontologies/MPATH/submissions/22
data.bioontology.org,WIKIPATHWAYS,20231112,OWL,wikipathways-20231112-owl__wp.owl,13468,https://data.bioontology.org/ontologies/WIKIPATHWAYS/submissions/229
data.bioontology.org,DUO,20210223,OWL,duo-20210223-owl__duo.owl,108348,https://data.bioontology.org/ontologies/DUO/submissions/8
data.bioontology.org,ENVTHES,20240405,SKOS,envthes-20240405-skos__EnvThes.ttl,3548169,https://data.bioontology.org/ontologies/ENVTHES/submissions/32
data.bioontology.org,BCO,20211114,OWL,bco-20211114-owl__bco.owl,899384,https://data.bioontology.org/ontologies/BCO/submissions/11
data.bioontology.org,COVIDCRFRAPID,20200624,OWL,covidcrfrapid-20200624-owl__WHO-COVID-19-Rapid-Version-CRF-Ontology.owl,408321,https://data.bioontology.org/ontologies/COVIDCRFRAPID/submissions/12
data.bioontology.org,ECO,20240325,OBO,eco-20240325-obo__eco.obo,1241198,https://data.bioontology.org/ontologies/ECO/submissions/119
data.bioontology.org,ONL-MSA,20130709,OWL,onl-msa-20130709-owl__ontoneurolog-mental-state-assessment.owl,1009643,https://data.bioontology.org/ontologies/ONL-MSA/submissions/1
data.bioontology.org,CCF,20231214,OWL,ccf-20231214-owl__ccf.owl,44683831,https://data.bioontology.org/ontologies/CCF/submissions/15
data.bioontology.org,HTN,20190904,OWL,htn-20190904-owl__htn.owl,1322067,https://data.bioontology.org/ontologies/HTN/submissions/1
data.bioontology.org,NOMEN,20231215,OWL,nomen-20231215-owl__nomen.owl,177215,https://data.bioontology.org/ontologies/NOMEN/submissions/15
data.bioontology.org,MARC-RELATORS,20240228,SKOS,marc-relators-20240228-skos__relators.nt,118073,https://data.bioontology.org/ontologies/MARC-RELATORS/submissions/6
data.bioontology.org,PDQ,20240131,UMLS,pdq-20240131-umls__PDQ.ttl,19495114,https://data.bioontology.org/ontologies/PDQ/submissions/25
data.bioontology.org,OBOREL,20240501,OWL,oborel-20240501-owl__ro.owl,1113886,https://data.bioontology.org/ontologies/OBOREL/submissions/42
data.bioontology.org,NBO,20230704,OWL,nbo-20230704-owl__nbo.owl,5635046,https://data.bioontology.org/ontologies/NBO/submissions/38
data.bioontology.org,PR,20240216,OBO,pr-20240216-obo__pro-reasoned.obo,222791341,https://data.bioontology.org/ontologies/PR/submissions/88
data.bioontology.org,ODNAE,20160516,OWL,odnae-20160516-owl__odnae-merged.owl,2021077,https://data.bioontology.org/ontologies/ODNAE/submissions/3
data.bioontology.org,PLANA,20230313,OWL,plana-20230313-owl__plana.owl,2529953,https://data.bioontology.org/ontologies/PLANA/submissions/36
data.bioontology.org,HL7,20240131,UMLS,hl7-20240131-umls__HL7.ttl,10170040,https://data.bioontology.org/ontologies/HL7/submissions/23
data.bioontology.org,FAST-TITLE,20170905,SKOS,fast-title-20170905-skos__FASTTitle.nt,100945658,https://data.bioontology.org/ontologies/FAST-TITLE/submissions/1
data.bioontology.org,MMUSDV,20180912,OWL,mmusdv-20180912-owl__mmusdv.owl,310367,https://data.bioontology.org/ontologies/MMUSDV/submissions/40
data.bioontology.org,MFOMD,20200426,OWL,mfomd-20200426-owl__MFOMD.owl,7116,https://data.bioontology.org/ontologies/MFOMD/submissions/2
data.bioontology.org,CBO,20210922,OWL,cbo-20210922-owl__CBO.owl,418289,https://data.bioontology.org/ontologies/CBO/submissions/25
data.bioontology.org,PSIMOD,20220614,OBO,psimod-20220614-obo__PSI-MOD.obo,1830852,https://data.bioontology.org/ontologies/PSIMOD/submissions/26
data.bioontology.org,CTU_BEREADY_GEM,20230310,SKOS,ctu_beready_gem-20230310-skos__gem-onto-1level-v0-01.ttl,117327,https://data.bioontology.org/ontologies/CTU_BEREADY_GEM/submissions/3
data.bioontology.org,IDOMAL,20170905,OBO,idomal-20170905-obo__MALARIA-IDOMAL1.3.9-2015-03.obo,858001,https://data.bioontology.org/ontologies/IDOMAL/submissions/186
data.bioontology.org,NEMO,20131021,OWL,nemo-20131021-owl__RackMultipart20131021-23110-1vlki4d.owl,4396395,https://data.bioontology.org/ontologies/NEMO/submissions/24
data.bioontology.org,RDL,20160107,OWL,rdl-20160107-owl__RDL.owl,218143867,https://data.bioontology.org/ontologies/RDL/submissions/1
data.bioontology.org,DRON,20240303,OWL,dron-20240303-owl__dron.owl,584124570,https://data.bioontology.org/ontologies/DRON/submissions/22
data.bioontology.org,ICO,20210401,OWL,ico-20210401-owl__ico.owl,1510853,https://data.bioontology.org/ontologies/ICO/submissions/17
data.bioontology.org,PCALION,20201029,OWL,pcalion-20201029-owl__20201027PCaLifeStyleOntology.owl,765818,https://data.bioontology.org/ontologies/PCALION/submissions/6
data.bioontology.org,NIFDYS,20180411,OWL,nifdys-20180411-owl__NIF-Dysfunction.ttl,437531,https://data.bioontology.org/ontologies/NIFDYS/submissions/16
data.bioontology.org,ECG,20140912,OWL,ecg-20140912-owl__ECGOntologyv1.owl,746538,https://data.bioontology.org/ontologies/ECG/submissions/12
data.bioontology.org,XPO,20240421,OWL,xpo-20240421-owl__xpo.owl,96602359,https://data.bioontology.org/ontologies/XPO/submissions/11
data.bioontology.org,ROS,20170727,OWL,ros-20170727-owl__RadiationOncologyStructures1.2.2.owl,207062,https://data.bioontology.org/ontologies/ROS/submissions/6
data.bioontology.org,HIV,20210106,OBO,hiv-20210106-obo__HIVOntology2.7.obo,2411067,https://data.bioontology.org/ontologies/HIV/submissions/10
data.bioontology.org,NPO,20120817,OWL,npo-20120817-owl__npo-2011-12-08-inferred.owl,2930548,https://data.bioontology.org/ontologies/NPO/submissions/31
data.bioontology.org,ENVO,20240216,OWL,envo-20240216-owl__envo.owl,9733906,https://data.bioontology.org/ontologies/ENVO/submissions/59
data.bioontology.org,PPO,20181029,OWL,ppo-20181029-owl__ppo.owl,1590150,https://data.bioontology.org/ontologies/PPO/submissions/8
data.bioontology.org,MINERAL,20160107,OWL,mineral-20160107-owl__matrMineral.owl,4038,https://data.bioontology.org/ontologies/MINERAL/submissions/1
data.bioontology.org,FB-BT,20240425,OBO,fb-bt-20240425-obo__fbbt.obo,30438598,https://data.bioontology.org/ontologies/FB-BT/submissions/81
data.bioontology.org,ISSVA,20210429,OWL,issva-20210429-owl__issva-ontology.owl,136603,https://data.bioontology.org/ontologies/ISSVA/submissions/5
data.bioontology.org,CHEMINF,20240410,OWL,cheminf-20240410-owl__cheminf.owl,261362,https://data.bioontology.org/ontologies/CHEMINF/submissions/52
data.bioontology.org,SNMI,20240131,UMLS,snmi-20240131-umls__SNMI.ttl,67539272,https://data.bioontology.org/ontologies/SNMI/submissions/23
data.bioontology.org,NGSONTO,20170313,OWL,ngsonto-20170313-owl__ngsonto2016-innuendo.owl,104543,https://data.bioontology.org/ontologies/NGSONTO/submissions/32
data.bioontology.org,OMIM,20240131,UMLS,omim-20240131-umls__OMIM.ttl,107624332,https://data.bioontology.org/ontologies/OMIM/submissions/25
data.bioontology.org,AEO,20171122,OWL,aeo-20171122-owl__aeo.owl,407189,https://data.bioontology.org/ontologies/AEO/submissions/7
data.bioontology.org,STY,20240131,UMLS,sty-20240131-umls__umls-semantictypes.ttl,32566,https://data.bioontology.org/ontologies/STY/submissions/22
data.bioontology.org,GENO,20231008,OWL,geno-20231008-owl__geno.owl,624254,https://data.bioontology.org/ontologies/GENO/submissions/31
data.bioontology.org,CIDOC-CRM,20171122,OWL,cidoc-crm-20171122-owl__cidoc-crm-v6.2-draft-2015August.rdfs.xml,351991,https://data.bioontology.org/ontologies/CIDOC-CRM/submissions/2
data.bioontology.org,OHMI,20190923,OWL,ohmi-20190923-owl__ohmi.owl,2533276,https://data.bioontology.org/ontologies/OHMI/submissions/26
data.bioontology.org,ATC,20240131,UMLS,atc-20240131-umls__ATC.ttl,3696304,https://data.bioontology.org/ontologies/ATC/submissions/21
data.bioontology.org,BSPO,20230527,OWL,bspo-20230527-owl__bspo.owl,589018,https://data.bioontology.org/ontologies/BSPO/submissions/32
data.bioontology.org,PECO,20231110,OBO,peco-20231110-obo__peco.obo,418317,https://data.bioontology.org/ontologies/PECO/submissions/31
data.bioontology.org,GFVO,20161014,OWL,gfvo-20161014-owl__gfvo-bioportal.xml,146583,https://data.bioontology.org/ontologies/GFVO/submissions/20
data.bioontology.org,FALDO,20220907,OWL,faldo-20220907-owl__faldo.rdf,25812,https://data.bioontology.org/ontologies/FALDO/submissions/18
data.bioontology.org,OBA,20240327,OWL,oba-20240327-owl__oba.owl,110754135,https://data.bioontology.org/ontologies/OBA/submissions/18
data.bioontology.org,MEDLINEPLUS,20240131,UMLS,medlineplus-20240131-umls__MEDLINEPLUS.ttl,7518206,https://data.bioontology.org/ontologies/MEDLINEPLUS/submissions/22
data.bioontology.org,BRAIN-COF,20240408,OWL,brain-cof-20240408-owl__tree-structure-brain-anatomy-FastSurfer-v3.rdf,122499,https://data.bioontology.org/ontologies/BRAIN-COF/submissions/2
data.bioontology.org,LC-MEDIA,20200702,SKOS,lc-media-20200702-skos__mediaTypes.nt,13256,https://data.bioontology.org/ontologies/LC-MEDIA/submissions/17
data.bioontology.org,MFMO,20170921,OWL,mfmo-20170921-owl__feed.owl,199737,https://data.bioontology.org/ontologies/MFMO/submissions/1
data.bioontology.org,GRO,20160106,OWL,gro-20160106-owl__GRO-v0.5.owl,428840,https://data.bioontology.org/ontologies/GRO/submissions/5
data.bioontology.org,COB,20240124,OWL,cob-20240124-owl__cob.owl,58006,https://data.bioontology.org/ontologies/COB/submissions/15
data.bioontology.org,DCTERMS,20170713,SKOS,dcterms-20170713-skos__dcterms.rdf,87171,https://data.bioontology.org/ontologies/DCTERMS/submissions/1
data.bioontology.org,EXO,20221122,OBO,exo-20221122-obo__exo.obo,61150,https://data.bioontology.org/ontologies/EXO/submissions/11
data.bioontology.org,APOLLO-SV,20240419,OWL,apollo-sv-20240419-owl__apollo-sv.owl,2716048,https://data.bioontology.org/ontologies/APOLLO-SV/submissions/63
data.bioontology.org,WB-LS,20190205,OBO,wb-ls-20190205-obo__worm-development.obo,333728,https://data.bioontology.org/ontologies/WB-LS/submissions/50
data.bioontology.org,DDANAT,20240109,OBO,ddanat-20240109-obo__dicty-anatomy.obo,59322,https://data.bioontology.org/ontologies/DDANAT/submissions/24
data.bioontology.org,ELTER_CL,20240105,SKOS,elter_cl-20240105-skos__elter-cl.ttl,179231,https://data.bioontology.org/ontologies/ELTER_CL/submissions/46
data.bioontology.org,CIDO,20240216,OWL,cido-20240216-owl__cido.owl,46951577,https://data.bioontology.org/ontologies/CIDO/submissions/42
data.bioontology.org,CMO,20240506,OBO,cmo-20240506-obo__clinical-measurement.obo,2441460,https://data.bioontology.org/ontologies/CMO/submissions/132
data.bioontology.org,COSTART,20240131,UMLS,costart-20240131-umls__COSTART.ttl,1048480,https://data.bioontology.org/ontologies/COSTART/submissions/23
data.bioontology.org,LUNGMAP-HUMAN,20190730,OWL,lungmap-human-20190730-owl__LMHA-20190728.owl,383384,https://data.bioontology.org/ontologies/LUNGMAP-HUMAN/submissions/6
data.bioontology.org,INFRARISK,20210211,OWL,infrarisk-20210211-owl__InfraRisk.owl,81799,https://data.bioontology.org/ontologies/INFRARISK/submissions/1
data.bioontology.org,GNO,20240418,OWL,gno-20240418-owl__GNOme.owl,207506539,https://data.bioontology.org/ontologies/GNO/submissions/14
data.bioontology.org,OMRSE,20240325,OWL,omrse-20240325-owl__omrse.owl,1334907,https://data.bioontology.org/ontologies/OMRSE/submissions/60
data.bioontology.org,RBO,20240314,OWL,rbo-20240314-owl__rbo.owl,28095471,https://data.bioontology.org/ontologies/RBO/submissions/26
data.bioontology.org,OARCS,20190418,OWL,oarcs-20190418-owl__oarcs.owl,704087,https://data.bioontology.org/ontologies/OARCS/submissions/2
data.bioontology.org,OM,20240418,OWL,om-20240418-owl__om-2.0.rdf,2004944,https://data.bioontology.org/ontologies/OM/submissions/29
data.bioontology.org,OVAE,20160514,OWL,ovae-20160514-owl__ovae-merged.owl,3945072,https://data.bioontology.org/ontologies/OVAE/submissions/10
data.bioontology.org,HCPCS,20240131,UMLS,hcpcs-20240131-umls__HCPCS.ttl,10209836,https://data.bioontology.org/ontologies/HCPCS/submissions/23
data.bioontology.org,LUNGMAP-MOUSE,20190728,OWL,lungmap-mouse-20190728-owl__LMMA-20190728.owl,750507,https://data.bioontology.org/ontologies/LUNGMAP-MOUSE/submissions/4
data.bioontology.org,XLMOD,20210324,OBO,xlmod-20210324-obo__XLMOD.obo,430570,https://data.bioontology.org/ontologies/XLMOD/submissions/4
data.bioontology.org,CMPO,20150624,OWL,cmpo-20150624-owl__cmpo.owl,4209923,https://data.bioontology.org/ontologies/CMPO/submissions/14
data.bioontology.org,RADLEX,20201120,OWL,radlex-20201120-owl__RadLex.owl,104264643,https://data.bioontology.org/ontologies/RADLEX/submissions/41
data.bioontology.org,WB-BT,20240402,OBO,wb-bt-20240402-obo__wbbt.obo,1615151,https://data.bioontology.org/ontologies/WB-BT/submissions/143
data.bioontology.org,KISAO,20240314,OWL,kisao-20240314-owl__kisao.owl,1122710,https://data.bioontology.org/ontologies/KISAO/submissions/63
data.bioontology.org,MEDO,20121122,OWL,medo-20121122-owl__experimental-design-ontology-1.0.owl,48832,https://data.bioontology.org/ontologies/MEDO/submissions/1
data.bioontology.org,PCL,20240115,OWL,pcl-20240115-owl__pcl.owl,122441370,https://data.bioontology.org/ontologies/PCL/submissions/22
data.bioontology.org,VHOG,20231121,OBO,vhog-20231121-obo__vHOG.obo,270799,https://data.bioontology.org/ontologies/VHOG/submissions/13
data.bioontology.org,MHCRO,20231221,OWL,mhcro-20231221-owl__mro.owl,82377121,https://data.bioontology.org/ontologies/MHCRO/submissions/34
data.bioontology.org,BTO,20220204,OBO,bto-20220204-obo__BrendaTissueOBO.obo,2107454,https://data.bioontology.org/ontologies/BTO/submissions/67
data.bioontology.org,HAO,20230601,OWL,hao-20230601-owl__hao.owl,7007288,https://data.bioontology.org/ontologies/HAO/submissions/27
data.bioontology.org,NEO,20221025,OWL,neo-20221025-owl__NEO.owl,1344926,https://data.bioontology.org/ontologies/NEO/submissions/90
data.bioontology.org,OHPI,20190930,OWL,ohpi-20190930-owl__ohpi-full.owl,29024306,https://data.bioontology.org/ontologies/OHPI/submissions/11
data.bioontology.org,TMO,20160516,OWL,tmo-20160516-owl__tmo.owl,135280,https://data.bioontology.org/ontologies/TMO/submissions/13
data.bioontology.org,VDOT,20210111,OWL,vdot-20210111-owl__vdot-core.owl,117704,https://data.bioontology.org/ontologies/VDOT/submissions/35
data.bioontology.org,CHEAR,20190910,OWL,chear-20190910-owl__chear.owl,542560,https://data.bioontology.org/ontologies/CHEAR/submissions/15
data.bioontology.org,CDAO,20130820,OWL,cdao-20130820-owl__cdao.owl,110550,https://data.bioontology.org/ontologies/CDAO/submissions/7
data.bioontology.org,PDRO,20200904,OWL,pdro-20200904-owl__pdro.owl,223166,https://data.bioontology.org/ontologies/PDRO/submissions/9
data.bioontology.org,OPMI,20240316,OWL,opmi-20240316-owl__opmi-merged.owl,4188480,https://data.bioontology.org/ontologies/OPMI/submissions/27
data.bioontology.org,PREGONTO,20181031,OWL,pregonto-20181031-owl__pregnancy-ontology-v0-1-20181019.owl,14305,https://data.bioontology.org/ontologies/PREGONTO/submissions/1
data.bioontology.org,ICD10PCS,20240131,UMLS,icd10pcs-20240131-umls__ICD10PCS.ttl,104010847,https://data.bioontology.org/ontologies/ICD10PCS/submissions/24
data.bioontology.org,MSTDE-FRE,20240131,UMLS,mstde-fre-20240131-umls__MSTDE-FRE.ttl,585935,https://data.bioontology.org/ontologies/MSTDE-FRE/submissions/23
data.bioontology.org,CLO,20220321,OWL,clo-20220321-owl__clo-merged.owl,51785922,https://data.bioontology.org/ontologies/CLO/submissions/65
data.bioontology.org,PHIPO,20240404,OWL,phipo-20240404-owl__phipo.owl,12880533,https://data.bioontology.org/ontologies/PHIPO/submissions/28
data.bioontology.org,VTO,20201113,OWL,vto-20201113-owl__vto.owl,152582746,https://data.bioontology.org/ontologies/VTO/submissions/14
data.bioontology.org,EMAPA,20221104,OWL,emapa-20221104-owl__emapa.owl,10768731,https://data.bioontology.org/ontologies/EMAPA/submissions/48
data.bioontology.org,BIPON,20171108,OWL,bipon-20171108-owl__BiPON.owl,3707496,https://data.bioontology.org/ontologies/BIPON/submissions/3
data.bioontology.org,VSAO,20180221,OBO,vsao-20180221-obo__vsao.owl,600603,https://data.bioontology.org/ontologies/VSAO/submissions/21
data.bioontology.org,HGNC-NR,20240304,OWL,hgnc-nr-20240304-owl__hgnc.owl.gz,7120501,https://data.bioontology.org/ontologies/HGNC-NR/submissions/11
data.bioontology.org,AI-RHEUM,20240131,UMLS,ai-rheum-20240131-umls__AI-RHEUM.ttl,408735,https://data.bioontology.org/ontologies/AI-RHEUM/submissions/23
data.bioontology.org,HOM,20220112,OWL,hom-20220112-owl__hom.owl,128032,https://data.bioontology.org/ontologies/HOM/submissions/7
data.bioontology.org,BHN,20131119,OWL,bhn-20131119-owl__RackMultipart20131119-17178-uc75i6.owl,1050834,https://data.bioontology.org/ontologies/BHN/submissions/1
data.bioontology.org,LIPRO,20140211,OWL,lipro-20140211-owl__lipid-classification-service-ontology.owl,50539,https://data.bioontology.org/ontologies/LIPRO/submissions/4
data.bioontology.org,BIOLINK,20240413,OWL,biolink-20240413-owl__biolink-model.owl.ttl,695645,https://data.bioontology.org/ontologies/BIOLINK/submissions/60
data.bioontology.org,OBIB,20230512,OWL,obib-20230512-owl__obib.owl,2635524,https://data.bioontology.org/ontologies/OBIB/submissions/14
data.bioontology.org,ONTOAVIDA,20220315,OWL,ontoavida-20220315-owl__ontoavida.owl,472853,https://data.bioontology.org/ontologies/ONTOAVIDA/submissions/3
data.bioontology.org,OBI,20240122,OWL,obi-20240122-owl__obi.owl,9578222,https://data.bioontology.org/ontologies/OBI/submissions/53
data.bioontology.org,CVDO,20230306,OWL,cvdo-20230306-owl__cvdo.owl,449455,https://data.bioontology.org/ontologies/CVDO/submissions/3
data.bioontology.org,VICO,20160130,OWL,vico-20160130-owl__vico-merged.owl,1264526,https://data.bioontology.org/ontologies/VICO/submissions/10
data.bioontology.org,SITBAC,20110221,OWL,sitbac-20110221-owl__SitBAC1-3.owl,388726,https://data.bioontology.org/ontologies/SITBAC/submissions/3
data.bioontology.org,CAO,20111013,OWL,cao-20111013-owl__cao.owl,273954,https://data.bioontology.org/ontologies/CAO/submissions/3
data.bioontology.org,VANDF,20240131,UMLS,vandf-20240131-umls__VANDF.ttl,66435191,https://data.bioontology.org/ontologies/VANDF/submissions/23
data.bioontology.org,OMO,20200512,OWL,omo-20200512-owl__omo.owl,75977,https://data.bioontology.org/ontologies/OMO/submissions/1
data.bioontology.org,APO,20240427,OBO,apo-20240427-obo__apo.obo,106057,https://data.bioontology.org/ontologies/APO/submissions/38
data.bioontology.org,SWEET,20220714,OWL,sweet-20220714-owl__sweetAll.owl,22451,https://data.bioontology.org/ontologies/SWEET/submissions/13
data.bioontology.org,PSDO,20230308,OWL,psdo-20230308-owl__psdo.owl,60299,https://data.bioontology.org/ontologies/PSDO/submissions/6
data.bioontology.org,ISPO,20230110,OWL,ispo-20230110-owl__ISPO-2023V1.owl,3667839,https://data.bioontology.org/ontologies/ISPO/submissions/1
data.bioontology.org,BDO,20120209,OWL,bdo-20120209-owl__bonedysplasia.owl,2691874,https://data.bioontology.org/ontologies/BDO/submissions/9
data.bioontology.org,TGMA,20150820,OBO,tgma-20150820-obo__tgma.obo,970910,https://data.bioontology.org/ontologies/TGMA/submissions/17
data.bioontology.org,ADCAD,20211217,OWL,adcad-20211217-owl__ADCAD.ttl,13048,https://data.bioontology.org/ontologies/ADCAD/submissions/1
data.bioontology.org,FAST-GENREFORM,20180507,SKOS,fast-genreform-20180507-skos__FASTFormGenreC.nt,5004210,https://data.bioontology.org/ontologies/FAST-GENREFORM/submissions/3
data.bioontology.org,ZONMW-ADMIN-MD,20210208,SKOS,zonmw-admin-md-20210208-skos__FDCCOVIDProjectAdminVocabularies.ttl,60417,https://data.bioontology.org/ontologies/ZONMW-ADMIN-MD/submissions/13
data.bioontology.org,CRISP,20240131,UMLS,crisp-20240131-umls__CRISP.ttl,11167504,https://data.bioontology.org/ontologies/CRISP/submissions/23
data.bioontology.org,DISDRIV,20231215,OWL,disdriv-20231215-owl__disdriv.owl,25218,https://data.bioontology.org/ontologies/DISDRIV/submissions/2
data.bioontology.org,PHENX,20161013,OWL,phenx-20161013-owl__phenXOnto-v1-2.owl,576371,https://data.bioontology.org/ontologies/PHENX/submissions/16
data.bioontology.org,AMPHX,20201218,OWL,amphx-20201218-owl__amphx.owl,589457,https://data.bioontology.org/ontologies/AMPHX/submissions/5
data.bioontology.org,CANCO,20130501,OWL,canco-20130501-owl__CancerChemopreventionOntology.owl,79101,https://data.bioontology.org/ontologies/CANCO/submissions/3
data.bioontology.org,XAO,20221014,OBO,xao-20221014-obo__xenopus-anatomy.obo,821484,https://data.bioontology.org/ontologies/XAO/submissions/31
data.bioontology.org,VIVO-ISF,20150913,OWL,vivo-isf-20150913-owl__vivo-isf-public-1.6.owl,746182,https://data.bioontology.org/ontologies/VIVO-ISF/submissions/1
data.bioontology.org,FB-DV,20240425,OBO,fb-dv-20240425-obo__fbdv.obo,117757,https://data.bioontology.org/ontologies/FB-DV/submissions/59
data.bioontology.org,RXNORM,20240131,UMLS,rxnorm-20240131-umls__RXNORM.ttl,209414563,https://data.bioontology.org/ontologies/RXNORM/submissions/26
data.bioontology.org,HENECON,20230321,OWL,henecon-20230321-owl__HeNeCOn.owl,1445677,https://data.bioontology.org/ontologies/HENECON/submissions/1
data.bioontology.org,TAXRANK,20160415,OBO,taxrank-20160415-obo__taxrank.owl,60225,https://data.bioontology.org/ontologies/TAXRANK/submissions/9
data.bioontology.org,HHEAR,20240202,OWL,hhear-20240202-owl__hhear-ontology-v1-10.rdf,1815285,https://data.bioontology.org/ontologies/HHEAR/submissions/15
data.bioontology.org,BIRNLEX,20080324,OWL,birnlex-20080324-owl__BIRNLex.owl,4228397,https://data.bioontology.org/ontologies/BIRNLEX/submissions/1
data.bioontology.org,SIO,20240325,OWL,sio-20240325-owl__sio-release.owl,1470936,https://data.bioontology.org/ontologies/SIO/submissions/94
data.bioontology.org,OCCO,20230901,OWL,occo-20230901-owl__occo-merged.owl,5229545,https://data.bioontology.org/ontologies/OCCO/submissions/5
data.bioontology.org,LOINC,20240131,UMLS,loinc-20240131-umls__LOINC.ttl,727622962,https://data.bioontology.org/ontologies/LOINC/submissions/26
data.bioontology.org,LCDGT,20180327,SKOS,lcdgt-20180327-skos__demographicTerms.rdf,4378,https://data.bioontology.org/ontologies/LCDGT/submissions/2
data.bioontology.org,FOVT,20230531,OWL,fovt-20230531-owl__fovt.owl,40600780,https://data.bioontology.org/ontologies/FOVT/submissions/7
data.bioontology.org,BIODIVTHES,20230407,SKOS,biodivthes-20230407-skos__Biodiversite2.1exportLoterreuneskos.rdf,2098409,https://data.bioontology.org/ontologies/BIODIVTHES/submissions/1
data.bioontology.org,LPT,20221221,OBO,lpt-20221221-obo__LPT-v4.3,215303,https://data.bioontology.org/ontologies/LPT/submissions/13
data.bioontology.org,WETAXTOPICS,20211014,SKOS,wetaxtopics-20211014-skos__neat-taxonomy.ttl,30780,https://data.bioontology.org/ontologies/WETAXTOPICS/submissions/6
data.bioontology.org,OBCS,20231221,OWL,obcs-20231221-owl__obcs.owl,1880209,https://data.bioontology.org/ontologies/OBCS/submissions/15
data.bioontology.org,OCMR,20170420,OWL,ocmr-20170420-owl__ocmr-merged.owl,7366511,https://data.bioontology.org/ontologies/OCMR/submissions/3
data.bioontology.org,SOIL-PROF,20210406,SKOS,soil-prof-20210406-skos__soil-profile.ttl,551691,https://data.bioontology.org/ontologies/SOIL-PROF/submissions/3
data.bioontology.org,SSN,20170711,OWL,ssn-20170711-owl__ssn.owl,53909,https://data.bioontology.org/ontologies/SSN/submissions/2
data.bioontology.org,ONS,20230517,OWL,ons-20230517-owl__ons.owl,4995827,https://data.bioontology.org/ontologies/ONS/submissions/35
data.bioontology.org,XEO,20140625,OBO,xeo-20140625-obo__XEO-v1-6-v1.6-no-Instance.obo,16571,https://data.bioontology.org/ontologies/XEO/submissions/4
data.bioontology.org,LBO,20240422,OBO,lbo-20240422-obo__LBO-v9.4.obo,155475,https://data.bioontology.org/ontologies/LBO/submissions/61
data.bioontology.org,DPO,20240425,OWL,dpo-20240425-owl__dpo.owl,4216355,https://data.bioontology.org/ontologies/DPO/submissions/31
data.bioontology.org,DATACITE,20220915,OWL,datacite-20220915-owl__datacite.owl,69563,https://data.bioontology.org/ontologies/DATACITE/submissions/2
data.bioontology.org,OntoVIP,20130711,OWL,ontovip-20130711-owl__ontovip.owl,6159,https://data.bioontology.org/ontologies/OntoVIP/submissions/1
data.bioontology.org,BHO,20101222,OWL,bho-20101222-owl__BPO11-12-10.owl,422959,https://data.bioontology.org/ontologies/BHO/submissions/3
data.bioontology.org,GEO,20190217,OWL,geo-20190217-owl__geo-all.owl,7770,https://data.bioontology.org/ontologies/GEO/submissions/3
data.bioontology.org,PINO,20220214,OWL,pino-20220214-owl__PINO-V2.owl,121317,https://data.bioontology.org/ontologies/PINO/submissions/2
data.bioontology.org,DERMO,20151012,OBO,dermo-20151012-obo__dermatology.obo,979248,https://data.bioontology.org/ontologies/DERMO/submissions/10
data.bioontology.org,FMA,20190513,OWL,fma-20190513-owl__fma.owl,266165317,https://data.bioontology.org/ontologies/FMA/submissions/29
data.bioontology.org,LC-CARRIERS,20230706,SKOS,lc-carriers-20230706-skos__carriers.nt,24531,https://data.bioontology.org/ontologies/LC-CARRIERS/submissions/4
data.bioontology.org,ARO,20240320,OWL,aro-20240320-owl__aro.owl,13464854,https://data.bioontology.org/ontologies/ARO/submissions/19
data.bioontology.org,IAML-MOP,20180319,SKOS,iaml-mop-20180319-skos__mop-iaml.ttl,272186,https://data.bioontology.org/ontologies/IAML-MOP/submissions/2
data.bioontology.org,ONL-MR-DA,20130709,OWL,onl-mr-da-20130709-owl__ontoneurolog-mr-dataset-acquisition.owl,206153,https://data.bioontology.org/ontologies/ONL-MR-DA/submissions/1
data.bioontology.org,SEPIO,20230629,OWL,sepio-20230629-owl__sepio.owl,574859,https://data.bioontology.org/ontologies/SEPIO/submissions/7
data.bioontology.org,NEUROBRG,20240104,OWL,neurobrg-20240104-owl__NeuroBridge-v1.0.owl,448146,https://data.bioontology.org/ontologies/NEUROBRG/submissions/2
data.bioontology.org,MSTDE,20240131,UMLS,mstde-20240131-umls__MSTDE.ttl,1768106,https://data.bioontology.org/ontologies/MSTDE/submissions/23
data.bioontology.org,MNR,20160107,OWL,mnr-20160107-owl__matrNaturalResource.owl,6258,https://data.bioontology.org/ontologies/MNR/submissions/1
data.bioontology.org,ZECO,20220214,OWL,zeco-20220214-owl__zeco.owl,90975,https://data.bioontology.org/ontologies/ZECO/submissions/10
data.bioontology.org,CPRO,20130424,OWL,cpro-20130424-owl__CPR.owl,113282,https://data.bioontology.org/ontologies/CPRO/submissions/3
data.bioontology.org,OOSTT,20240125,OWL,oostt-20240125-owl__oostt.owl,620103,https://data.bioontology.org/ontologies/OOSTT/submissions/11
data.bioontology.org,HSPO,20230609,OWL,hspo-20230609-owl__hspo2.ttl,125327,https://data.bioontology.org/ontologies/HSPO/submissions/3
data.bioontology.org,DDIEM,20200102,OWL,ddiem-20200102-owl__ddiem.owl,20850,https://data.bioontology.org/ontologies/DDIEM/submissions/4
data.bioontology.org,LION,20200708,OBO,lion-20200708-obo__LION.obo,12241771,https://data.bioontology.org/ontologies/LION/submissions/1
data.bioontology.org,ARCRC,20211013,OWL,arcrc-20211013-owl__ARCRC.ttl,59502,https://data.bioontology.org/ontologies/ARCRC/submissions/4
data.bioontology.org,VARIO,20200904,OBO,vario-20200904-obo__vario.obo,110673,https://data.bioontology.org/ontologies/VARIO/submissions/16
data.bioontology.org,LUNGMAP_M_CELL,20190728,OWL,lungmap_m_cell-20190728-owl__LMMA-20190728-Cell.owl,101014,https://data.bioontology.org/ontologies/LUNGMAP_M_CELL/submissions/5
data.bioontology.org,SIBO,20170922,OWL,sibo-20170922-owl__sibo.owl,664028,https://data.bioontology.org/ontologies/SIBO/submissions/1
data.bioontology.org,PEAO,20190208,OWL,peao-20190208-owl__PlantExperimentalAssayOntology.owl,124810,https://data.bioontology.org/ontologies/PEAO/submissions/4
data.bioontology.org,GMM,20160516,OBO,gmm-20160516-obo__GoMapMan-ontology.obo,279577,https://data.bioontology.org/ontologies/GMM/submissions/25
data.bioontology.org,PAV,20170119,OWL,pav-20170119-owl__pav.owl,58630,https://data.bioontology.org/ontologies/PAV/submissions/3
data.bioontology.org,LUNGMAP_H_CELL,20190728,OWL,lungmap_h_cell-20190728-owl__LMHA-20190728-Cell.owl,82643,https://data.bioontology.org/ontologies/LUNGMAP_H_CELL/submissions/6
data.bioontology.org,AGRO,20221102,OWL,agro-20221102-owl__agro.owl,7501012,https://data.bioontology.org/ontologies/AGRO/submissions/6
data.bioontology.org,COKPME,20210709,OWL,cokpme-20210709-owl__COKPME.owl,51706,https://data.bioontology.org/ontologies/COKPME/submissions/1
data.bioontology.org,BMS-LM,20230201,OWL,bms-lm-20230201-owl__bmslm.owl,110399,https://data.bioontology.org/ontologies/BMS-LM/submissions/1
data.bioontology.org,OMP,20240325,OWL,omp-20240325-owl__omp.owl,4511122,https://data.bioontology.org/ontologies/OMP/submissions/46
data.bioontology.org,NIST_GEL,20220218,OWL,nist_gel-20220218-owl__nist-gel-v4-ontologies.owl.zip,7524,https://data.bioontology.org/ontologies/NIST_GEL/submissions/8
data.bioontology.org,MOSAIC,20210910,OWL,mosaic-20210910-owl__MOSAIC.owl,8713575,https://data.bioontology.org/ontologies/MOSAIC/submissions/4
data.bioontology.org,ICW,20170214,OWL,icw-20170214-owl__root-ontology.owl,57611,https://data.bioontology.org/ontologies/ICW/submissions/4
data.bioontology.org,PTRANS,20221010,OWL,ptrans-20221010-owl__trans.owl,58805,https://data.bioontology.org/ontologies/PTRANS/submissions/19
data.bioontology.org,MIAPA,20170921,OWL,miapa-20170921-owl__miapa.owl,37095,https://data.bioontology.org/ontologies/MIAPA/submissions/1
data.bioontology.org,OCDM,20231108,OWL,ocdm-20231108-owl__pun-ocdm.owl,1647,https://data.bioontology.org/ontologies/OCDM/submissions/8
data.bioontology.org,BFO,20150904,OWL,bfo-20150904-owl__bfo.owl,161921,https://data.bioontology.org/ontologies/BFO/submissions/2
data.bioontology.org,LABO,20210219,OWL,labo-20210219-owl__labo.owl,380173,https://data.bioontology.org/ontologies/LABO/submissions/4
data.bioontology.org,MACROALGAETRAITS,20230410,SKOS,macroalgaetraits-20230410-skos__macroalgae-traits.rdf,75870,https://data.bioontology.org/ontologies/MACROALGAETRAITS/submissions/1
data.bioontology.org,ONTODM-KDD,20120606,OWL,ontodm-kdd-20120606-owl__OntoDM-KDD.owl,407203,https://data.bioontology.org/ontologies/ONTODM-KDD/submissions/1
data.bioontology.org,TIMEBANK,20200805,OWL,timebank-20200805-owl__ontology.rdf,123194,https://data.bioontology.org/ontologies/TIMEBANK/submissions/2
data.bioontology.org,LEPAO,20230219,OWL,lepao-20230219-owl__lepao.owl,2688178,https://data.bioontology.org/ontologies/LEPAO/submissions/2
data.bioontology.org,CIINTEADO,20160728,OBO,ciinteado-20160728-obo__ciinteado.obo,353359,https://data.bioontology.org/ontologies/CIINTEADO/submissions/2
data.bioontology.org,MOC,20160107,OWL,moc-20160107-owl__matrOrganicCompound.owl,21244,https://data.bioontology.org/ontologies/MOC/submissions/1
data.bioontology.org,NEOMARK4,20111111,OWL,neomark4-20111111-owl__neomark-ontology.owl,667506,https://data.bioontology.org/ontologies/NEOMARK4/submissions/1
data.bioontology.org,CDNO,20240329,OWL,cdno-20240329-owl__cdno.owl,9741333,https://data.bioontology.org/ontologies/CDNO/submissions/11
data.bioontology.org,SCHEMA,20181024,OWL,schema-20181024-owl__schemaorg-all-layers-3.4-fixes.rdf,1060556,https://data.bioontology.org/ontologies/SCHEMA/submissions/4
data.bioontology.org,ADW,20100831,OWL,adw-20100831-owl__ADW-ontology.owl,149094,https://data.bioontology.org/ontologies/ADW/submissions/2
data.bioontology.org,VBO,20240427,OWL,vbo-20240427-owl__vbo.owl,61883492,https://data.bioontology.org/ontologies/VBO/submissions/1
data.bioontology.org,MATRCOMPOUND,20160107,OWL,matrcompound-20160107-owl__matrCompound.owl,17572,https://data.bioontology.org/ontologies/MATRCOMPOUND/submissions/1
data.bioontology.org,FG,20220301,OWL,fg-20220301-owl__fair-genomes-1.2.owl,147774,https://data.bioontology.org/ontologies/FG/submissions/4
data.bioontology.org,FAST-EVENT-SKOS,20170830,SKOS,fast-event-skos-20170830-skos__eventtest.rdf,20199323,https://data.bioontology.org/ontologies/FAST-EVENT-SKOS/submissions/1
data.bioontology.org,REGN_BRO,20230112,OWL,regn_bro-20230112-owl__BRO-v3.2.owl,328029,https://data.bioontology.org/ontologies/REGN_BRO/submissions/1
data.bioontology.org,CTCAE,20180419,OWL,ctcae-20180419-owl__NCIt-CTCAE-5.0.owl,14439241,https://data.bioontology.org/ontologies/CTCAE/submissions/3
data.bioontology.org,EPIE,20200127,OWL,epie-20200127-owl__PATEpigeneticEntity.owl,742758,https://data.bioontology.org/ontologies/EPIE/submissions/4
data.bioontology.org,ORNASEQ,20190904,OWL,ornaseq-20190904-owl__ornaseq.owl,166036,https://data.bioontology.org/ontologies/ORNASEQ/submissions/1
data.bioontology.org,VIO,20190429,OWL,vio-20190429-owl__vio-merged.owl,284221,https://data.bioontology.org/ontologies/VIO/submissions/1
data.bioontology.org,PLANTSO,20231114,OWL,plantso-20231114-owl__pso.owl,5002081,https://data.bioontology.org/ontologies/PLANTSO/submissions/3
data.bioontology.org,MIO,20230221,OWL,mio-20230221-owl__MIO-20230404.owl,4769850,https://data.bioontology.org/ontologies/MIO/submissions/3
data.bioontology.org,CTENO,20170920,OWL,cteno-20170920-owl__cteno.owl,289634,https://data.bioontology.org/ontologies/CTENO/submissions/1
data.bioontology.org,PATIT,20200113,OWL,patit-20200113-owl__PATInvestigativeTechniques.owl,686043,https://data.bioontology.org/ontologies/PATIT/submissions/1
data.bioontology.org,DCAT-FDC,20210923,OWL,dcat-fdc-20210923-owl__dcat-v3.ttl,165748,https://data.bioontology.org/ontologies/DCAT-FDC/submissions/1
data.bioontology.org,CDO,20230722,OWL,cdo-20230722-owl__cdmo.owl,11900382,https://data.bioontology.org/ontologies/CDO/submissions/6
data.bioontology.org,BP-METADATA,20130821,OWL,bp-metadata-20130821-owl__BioPortalMetadata.owl,61243,https://data.bioontology.org/ontologies/BP-METADATA/submissions/6
data.bioontology.org,CEPH,20170920,OWL,ceph-20170920-owl__ceph.owl,651688,https://data.bioontology.org/ontologies/CEPH/submissions/1
data.bioontology.org,PPLC,20200113,OWL,pplc-20200113-owl__PlacentalPathologyLesionClassification.owl,1425582,https://data.bioontology.org/ontologies/PPLC/submissions/1
data.bioontology.org,PATCT,20200113,OWL,patct-20200113-owl__PATCellType.owl,408336,https://data.bioontology.org/ontologies/PATCT/submissions/1
data.bioontology.org,GALEN,20070116,OWL,galen-20070116-owl__full-galen.owl,21090844,https://data.bioontology.org/ontologies/GALEN/submissions/1
data.bioontology.org,SENSO,20211013,OWL,senso-20211013-owl__SENSO.ttl,7275,https://data.bioontology.org/ontologies/SENSO/submissions/1
data.bioontology.org,RDFS,20200507,OWL,rdfs-20200507-owl__rdf-schema.owl,3812,https://data.bioontology.org/ontologies/RDFS/submissions/1
data.bioontology.org,GB,20230613,OWL,gb-20230613-owl__ontology.owl,36430,https://data.bioontology.org/ontologies/GB/submissions/3
data.bioontology.org,OGG,20161202,OWL,ogg-20161202-owl__ogg-merged.owl,127956460,https://data.bioontology.org/ontologies/OGG/submissions/3
data.bioontology.org,ICF,20120508,OWL,icf-20120508-owl__icf-2012.05.08-merged-for-bp.owl,2893424,https://data.bioontology.org/ontologies/ICF/submissions/3
data.bioontology.org,BIOMODELS,20120403,OWL,biomodels-20120403-owl__biomodels-21.owl.zip,12624480,https://data.bioontology.org/ontologies/BIOMODELS/submissions/3
data.bioontology.org,MATRROCKIGNEOUS,20160107,OWL,matrrockigneous-20160107-owl__matrRockIgneous.owl,16328,https://data.bioontology.org/ontologies/MATRROCKIGNEOUS/submissions/2
data.bioontology.org,SIMON,20210507,OWL,simon-20210507-owl__SIMONProcessed4-23-21.owl,693186,https://data.bioontology.org/ontologies/SIMON/submissions/1
data.bioontology.org,INVERSEROLES,20160107,OWL,inverseroles-20160107-owl__ISO-15926-2-2003-inverseRoles.owl,16028,https://data.bioontology.org/ontologies/INVERSEROLES/submissions/1
data.bioontology.org,FOBI,20220503,OWL,fobi-20220503-owl__fobi.owl,2473019,https://data.bioontology.org/ontologies/FOBI/submissions/3
data.bioontology.org,HENEGEO,20231023,OWL,henegeo-20231023-owl__HENEGEO-v1.0.owl,26510908,https://data.bioontology.org/ontologies/HENEGEO/submissions/1
data.bioontology.org,OCIMIDO,20210616,OWL,ocimido-20210616-owl__ocimido.owl,812986,https://data.bioontology.org/ontologies/OCIMIDO/submissions/2
data.bioontology.org,EDEM-CONNECTONTO,20240205,OWL,edem-connectonto-20240205-owl__Agitation-ontology-KY-SS-24.owl,556476,https://data.bioontology.org/ontologies/EDEM-CONNECTONTO/submissions/1
data.bioontology.org,MADS-RDF,20180510,OWL,mads-rdf-20180510-owl__MADSRDFv1.rdf,91264,https://data.bioontology.org/ontologies/MADS-RDF/submissions/5
data.bioontology.org,ONTOLURGENCES,20151027,OWL,ontolurgences-20151027-owl__OntolUrgences-v3.0.4.owl,7820719,https://data.bioontology.org/ontologies/ONTOLURGENCES/submissions/1
data.bioontology.org,ABA-AMB,20090808,OWL,aba-amb-20090808-owl__ABA.owl,692674,https://data.bioontology.org/ontologies/ABA-AMB/submissions/1
data.bioontology.org,CMDO,20190712,OWL,cmdo-20190712-owl__CMDO-ontology-2.owx,457973,https://data.bioontology.org/ontologies/CMDO/submissions/10
data.bioontology.org,SSE,20130717,OWL,sse-20130717-owl__sse-p.owl,425024,https://data.bioontology.org/ontologies/SSE/submissions/2
data.bioontology.org,OCE,20200228,OWL,oce-20200228-owl__oce-merged.owl,591863,https://data.bioontology.org/ontologies/OCE/submissions/2
data.bioontology.org,QUDT2,20200115,OWL,qudt2-20200115-owl__SCHEMA-QUDT-v2.0.ttl,124851,https://data.bioontology.org/ontologies/QUDT2/submissions/1
data.bioontology.org,AO,20170223,OWL,ao-20170223-owl__asthma-v1.3.owl,108464,https://data.bioontology.org/ontologies/AO/submissions/2
data.bioontology.org,THREE-ST,20230713,OWL,three-st-20230713-owl__3ST-v1.0.1-with-individuals.owl,9515878,https://data.bioontology.org/ontologies/THREE-ST/submissions/4
data.bioontology.org,OMV,20170125,OWL,omv-20170125-owl__OMV-v2.4.1.owl,100595,https://data.bioontology.org/ontologies/OMV/submissions/1
data.bioontology.org,BOF,20130711,OWL,bof-20130711-owl__Ontobio-01072013.owl,423057,https://data.bioontology.org/ontologies/BOF/submissions/2
data.bioontology.org,STATO,20180906,OWL,stato-20180906-owl__stato.owl,1967804,https://data.bioontology.org/ontologies/STATO/submissions/12
data.bioontology.org,OA,20170718,OWL,oa-20170718-owl__oa.rdf,30141,https://data.bioontology.org/ontologies/OA/submissions/4
data.bioontology.org,FAST-FORMGENRE,20170906,SKOS,fast-formgenre-20170906-skos__FASTFormGenre.nt,4186012,https://data.bioontology.org/ontologies/FAST-FORMGENRE/submissions/1
data.bioontology.org,QUDT2-1,20210205,OWL,qudt2-1-20210205-owl__SCHEMA-QUDT-v2.1.ttl,129787,https://data.bioontology.org/ontologies/QUDT2-1/submissions/2
data.bioontology.org,VIVO,20180717,OWL,vivo-20180717-owl__vivo.owl,729930,https://data.bioontology.org/ontologies/VIVO/submissions/3
data.bioontology.org,FAST-CHRONO,20180507,SKOS,fast-chrono-20180507-skos__FASTChronologicalC.nt,632615,https://data.bioontology.org/ontologies/FAST-CHRONO/submissions/1
data.bioontology.org,PATGV,20200113,OWL,patgv-20200113-owl__PATGeneticVariance.owl,510868,https://data.bioontology.org/ontologies/PATGV/submissions/1
data.bioontology.org,GLYCO,20121029,OWL,glyco-20121029-owl__GlycO.owl,4431815,https://data.bioontology.org/ontologies/GLYCO/submissions/1
data.bioontology.org,UPHENO,20211118,OWL,upheno-20211118-owl__upheno.owl,1132,https://data.bioontology.org/ontologies/UPHENO/submissions/4
data.bioontology.org,LANDFORM,20210406,SKOS,landform-20210406-skos__landform.ttl,335679,https://data.bioontology.org/ontologies/LANDFORM/submissions/2
data.bioontology.org,PLOSTHES,20170921,SKOS,plosthes-20170921-skos__plosthes.2017-1.SKOS.rdf.xml,6810058,https://data.bioontology.org/ontologies/PLOSTHES/submissions/10
data.bioontology.org,FTC,20160215,OWL,ftc-20160215-owl__ftc-kb-full.owl,24161625,https://data.bioontology.org/ontologies/FTC/submissions/1
data.bioontology.org,MATR,20160107,OWL,matr-20160107-owl__matr.owl,7459,https://data.bioontology.org/ontologies/MATR/submissions/1
data.bioontology.org,MPIO,20231017,OWL,mpio-20231017-owl__mpio.owl,111125,https://data.bioontology.org/ontologies/MPIO/submissions/2
data.bioontology.org,CHIRO,20191217,OWL,chiro-20191217-owl__chiro.owl,241541,https://data.bioontology.org/ontologies/CHIRO/submissions/2
data.bioontology.org,ONTODT,20240304,OWL,ontodt-20240304-owl__OntoDT.owl,326790,https://data.bioontology.org/ontologies/ONTODT/submissions/9
data.bioontology.org,BIN,20190501,OWL,bin-20190501-owl__bin.owl,236889,https://data.bioontology.org/ontologies/BIN/submissions/2
data.bioontology.org,ECAO,20240220,OWL,ecao-20240220-owl__ecao.owl,1474348,https://data.bioontology.org/ontologies/ECAO/submissions/3
data.bioontology.org,LAND-SURFACE,20210401,SKOS,land-surface-20210401-skos__land-surface.ttl,253505,https://data.bioontology.org/ontologies/LAND-SURFACE/submissions/1
data.bioontology.org,FISH-AST,20170911,SKOS,fish-ast-20170911-skos__seneschal-eh-560-20130717.rdf,139990,https://data.bioontology.org/ontologies/FISH-AST/submissions/1
data.bioontology.org,PATMHC,20200113,OWL,patmhc-20200113-owl__PATMaternalHealthConditions.owl,1698315,https://data.bioontology.org/ontologies/PATMHC/submissions/1
data.bioontology.org,OBOE,20190917,OWL,oboe-20190917-owl__oboe.owl,3699,https://data.bioontology.org/ontologies/OBOE/submissions/4
data.bioontology.org,GECCO,20220819,OWL,gecco-20220819-owl__GECCO-Stage2-Final.owl,12870375,https://data.bioontology.org/ontologies/GECCO/submissions/1
data.bioontology.org,NIDM-RESULTS,20160607,OWL,nidm-results-20160607-owl__nidm-results-130.owl,304571,https://data.bioontology.org/ontologies/NIDM-RESULTS/submissions/2
data.bioontology.org,ONTOKBCF,20130116,OWL,ontokbcf-20130116-owl__OntoKBCF1301new.owl,245162,https://data.bioontology.org/ontologies/ONTOKBCF/submissions/3
data.bioontology.org,PP,20141217,OWL,pp-20141217-owl__PipelinePatterns.owl,9585,https://data.bioontology.org/ontologies/PP/submissions/1
data.bioontology.org,ADAR,20150407,OWL,adar-20150407-owl__autism-merged.owl,7684828,https://data.bioontology.org/ontologies/ADAR/submissions/1
data.bioontology.org,REGN_GO,20230112,OWL,regn_go-20230112-owl__go.owl,132165503,https://data.bioontology.org/ontologies/REGN_GO/submissions/1
data.bioontology.org,BE,20171127,OBO,be-20171127-obo__bioentities.obo,147230,https://data.bioontology.org/ontologies/BE/submissions/5
data.bioontology.org,BIBFRAME,20231201,OWL,bibframe-20231201-owl__bibframe.rdf,216604,https://data.bioontology.org/ontologies/BIBFRAME/submissions/8
data.bioontology.org,ISO-ANNOTATIONS,20160107,OWL,iso-annotations-20160107-owl__ISO-15926-2-2003-annotations.owl,113436,https://data.bioontology.org/ontologies/ISO-ANNOTATIONS/submissions/1
data.bioontology.org,GENEPIO,20231108,OBO,genepio-20231108-obo__genepio.owl,959479,https://data.bioontology.org/ontologies/GENEPIO/submissions/1
data.bioontology.org,DOREMUS-KEYS,20180702,SKOS,doremus-keys-20180702-skos__key.rdf,54176,https://data.bioontology.org/ontologies/DOREMUS-KEYS/submissions/3
data.bioontology.org,ONL-DP,20130709,OWL,onl-dp-20130709-owl__ontoneurolog-dataset-processing.owl,88604,https://data.bioontology.org/ontologies/ONL-DP/submissions/1
data.bioontology.org,OGG-MM,20180323,OWL,ogg-mm-20180323-owl__ogg-mm.owl,128722565,https://data.bioontology.org/ontologies/OGG-MM/submissions/5
data.bioontology.org,CIO,20170920,OWL,cio-20170920-owl__cio.owl,124125,https://data.bioontology.org/ontologies/CIO/submissions/1
data.bioontology.org,SUGARBIND,20230622,OWL,sugarbind-20230622-owl__SugarBindOntology.owl,17464,https://data.bioontology.org/ontologies/SUGARBIND/submissions/1
data.bioontology.org,CTONT,20070320,OWL,ctont-20070320-owl__ClinicalTrialOntology.owl,66194,https://data.bioontology.org/ontologies/CTONT/submissions/1
data.bioontology.org,HIO,20191031,OWL,hio-20191031-owl__hio.owl,531193,https://data.bioontology.org/ontologies/HIO/submissions/3
data.bioontology.org,ENTITY,20160107,OWL,entity-20160107-owl__ISO-15926-2-2003-entityMembership.owl,25649,https://data.bioontology.org/ontologies/ENTITY/submissions/1
data.bioontology.org,SLSO,20240403,OWL,slso-20240403-owl__slso.owl,1620887,https://data.bioontology.org/ontologies/SLSO/submissions/1
data.bioontology.org,HINO,20140627,OWL,hino-20140627-owl__hino.owl,49899542,https://data.bioontology.org/ontologies/HINO/submissions/6
data.bioontology.org,MCO,20190904,OWL,mco-20190904-owl__mco.owl,17308396,https://data.bioontology.org/ontologies/MCO/submissions/1
data.bioontology.org,PROCCHEMICAL,20160107,OWL,procchemical-20160107-owl__propChemical.owl,10352,https://data.bioontology.org/ontologies/PROCCHEMICAL/submissions/1
data.bioontology.org,FAST-EVENT,20170829,OWL,fast-event-20170829-owl__eventtest.rdf,20199323,https://data.bioontology.org/ontologies/FAST-EVENT/submissions/1
data.bioontology.org,RPO,20120813,OWL,rpo-20120813-owl__RPO-081112-owl.0,1642099,https://data.bioontology.org/ontologies/RPO/submissions/2
data.bioontology.org,ISO-15926-2_2003,20160107,OWL,iso-15926-2_2003-20160107-owl__ISO-15926-2-2003.owl,193193,https://data.bioontology.org/ontologies/ISO-15926-2_2003/submissions/1
data.bioontology.org,CKDO,20170704,OWL,ckdo-20170704-owl__ckd-ontology-alpha-v2-20170701-rdf.owl,99189,https://data.bioontology.org/ontologies/CKDO/submissions/1
data.bioontology.org,CLYH,20200529,OWL,clyh-20200529-owl__clyh.owl,301349,https://data.bioontology.org/ontologies/CLYH/submissions/4
data.bioontology.org,MATRELEMENT,20160107,OWL,matrelement-20160107-owl__matrElement.owl,16313,https://data.bioontology.org/ontologies/MATRELEMENT/submissions/1
data.bioontology.org,LICO,20201104,OWL,lico-20201104-owl__Lico-v013.owl,217274,https://data.bioontology.org/ontologies/LICO/submissions/2
data.bioontology.org,ATOL,20200511,OWL,atol-20200511-owl__atol.owl,6308179,https://data.bioontology.org/ontologies/ATOL/submissions/2
data.bioontology.org,BRIDG,20120904,OWL,bridg-20120904-owl__BRIDG.owl,6324793,https://data.bioontology.org/ontologies/BRIDG/submissions/1
data.bioontology.org,IXNO,20110421,OBO,ixno-20110421-obo__IxnO.obo,20596,https://data.bioontology.org/ontologies/IXNO/submissions/2
data.bioontology.org,EPIP,20200127,OWL,epip-20200127-owl__PATEpigeneticProcess.owl,481545,https://data.bioontology.org/ontologies/EPIP/submissions/4
data.bioontology.org,MATRROCK,20160107,OWL,matrrock-20160107-owl__matrRock.owl,7669,https://data.bioontology.org/ontologies/MATRROCK/submissions/1
data.bioontology.org,PE-O,20160701,OWL,pe-o-20160701-owl__pe-ontology-0.288.owl,664984,https://data.bioontology.org/ontologies/PE-O/submissions/3
data.bioontology.org,CU-VO,20150923,OWL,cu-vo-20150923-owl__venom-ontology.xml,7358241,https://data.bioontology.org/ontologies/CU-VO/submissions/1
data.bioontology.org,EPSO,20240326,OWL,epso-20240326-owl__EpilepsyOntology-v3.owl,1301955,https://data.bioontology.org/ontologies/EPSO/submissions/7
data.bioontology.org,PLIO,20141103,OWL,plio-20141103-owl__Protein-Ligand-Interaction-Ontology-PLIO-revised.owl,767315,https://data.bioontology.org/ontologies/PLIO/submissions/1
data.bioontology.org,ZP,20240418,OWL,zp-20240418-owl__zp.owl,170306263,https://data.bioontology.org/ontologies/ZP/submissions/5
data.ecoportal.lifewatch.eu,ENVTHES,20231106,SKOS,envthes-20231106-skos__EnvThes.ttl,3545273,https://data.ecoportal.lifewatch.eu/ontologies/ENVTHES/submissions/10
data.ecoportal.lifewatch.eu,MRPTCODELIST,20231013,SKOS,mrptcodelist-20231013-skos__placetypes.ttl,94753,https://data.ecoportal.lifewatch.eu/ontologies/MRPTCODELIST/submissions/9
data.ecoportal.lifewatch.eu,PHYTOTRAITS,20230913,SKOS,phytotraits-20230913-skos__submission7.rdf,144881,https://data.ecoportal.lifewatch.eu/ontologies/PHYTOTRAITS/submissions/2
data.ecoportal.lifewatch.eu,MR,20221211,OWL,mr-20221211-owl__ontology.ttl,13593,https://data.ecoportal.lifewatch.eu/ontologies/MR/submissions/5
data.ecoportal.lifewatch.eu,EUROVOC,20220103,SKOS,eurovoc-20220103-skos__eurovoc-in-skos-core-concepts-topConcepts.rdf,35481797,https://data.ecoportal.lifewatch.eu/ontologies/EUROVOC/submissions/3
data.ecoportal.lifewatch.eu,ELTER_CL,20240105,SKOS,elter_cl-20240105-skos__elter-cl.ttl,179231,https://data.ecoportal.lifewatch.eu/ontologies/ELTER_CL/submissions/2
data.ecoportal.lifewatch.eu,ACFORMAT,20240301,SKOS,acformat-20240301-skos__values.rdf,41779,https://data.ecoportal.lifewatch.eu/ontologies/ACFORMAT/submissions/1
data.ecoportal.lifewatch.eu,PCO,20220204,OWL,pco-20220204-owl__pco.owl,595304,https://data.ecoportal.lifewatch.eu/ontologies/PCO/submissions/2
data.ecoportal.lifewatch.eu,DSW,20211222,OWL,dsw-20211222-owl__dsw.owl,40344,https://data.ecoportal.lifewatch.eu/ontologies/DSW/submissions/2
data.ecoportal.lifewatch.eu,DWCEM,20211223,SKOS,dwcem-20211223-skos__establishmentMeansCurated.ttl,12276,https://data.ecoportal.lifewatch.eu/ontologies/DWCEM/submissions/4
data.ecoportal.lifewatch.eu,BIODIVTHES,20220927,SKOS,biodivthes-20220927-skos__Biodiversite2.1exportLoterreuneskos.rdf,2098409,https://data.ecoportal.lifewatch.eu/ontologies/BIODIVTHES/submissions/3
data.ecoportal.lifewatch.eu,ENDEMISMS,20231021,SKOS,endemisms-20231021-skos__submission.rdf,25354,https://data.ecoportal.lifewatch.eu/ontologies/ENDEMISMS/submissions/3
data.ecoportal.lifewatch.eu,CPMETA,20240209,OWL,cpmeta-20240209-owl__cpmeta.owl,177968,https://data.ecoportal.lifewatch.eu/ontologies/CPMETA/submissions/2
data.ecoportal.lifewatch.eu,ACTRIS_VOCAB,20240207,SKOS,actris_vocab-20240207-skos__ACTRIS-vocabulary.rdf,5569008,https://data.ecoportal.lifewatch.eu/ontologies/ACTRIS_VOCAB/submissions/1
data.ecoportal.lifewatch.eu,FISHTRAITS,20230913,SKOS,fishtraits-20230913-skos__submission8.rdf,224994,https://data.ecoportal.lifewatch.eu/ontologies/FISHTRAITS/submissions/2
data.ecoportal.lifewatch.eu,MACROALGAETRAITS,20230913,SKOS,macroalgaetraits-20230913-skos__submission10.rdf,154167,https://data.ecoportal.lifewatch.eu/ontologies/MACROALGAETRAITS/submissions/2
data.ecoportal.lifewatch.eu,ZOOPLANKTRAITS,20230913,SKOS,zooplanktraits-20230913-skos__submission11.rdf,85350,https://data.ecoportal.lifewatch.eu/ontologies/ZOOPLANKTRAITS/submissions/2
data.ecoportal.lifewatch.eu,EURIO,20211206,OWL,eurio-20211206-owl__EURIO.ttl,116158,https://data.ecoportal.lifewatch.eu/ontologies/EURIO/submissions/1
data.ecoportal.lifewatch.eu,EUROSCIVOC,20211217,SKOS,euroscivoc-20211217-skos__EuroSciVoc-skos-ap-eu.rdf,10769322,https://data.ecoportal.lifewatch.eu/ontologies/EUROSCIVOC/submissions/2
data.ecoportal.lifewatch.eu,STY,20230911,UMLS,sty-20230911-umls__umls-semantictypes2.ttl,32566,https://data.ecoportal.lifewatch.eu/ontologies/STY/submissions/1
data.ecoportal.lifewatch.eu,I-ADOPT,20231106,OWL,i-adopt-20231106-owl__i-adopt.ttl,11927,https://data.ecoportal.lifewatch.eu/ontologies/I-ADOPT/submissions/1
data.ecoportal.lifewatch.eu,BCO,20220204,OWL,bco-20220204-owl__bco.owl,899384,https://data.ecoportal.lifewatch.eu/ontologies/BCO/submissions/1
data.ecoportal.lifewatch.eu,ACTRIS_CL,20240213,SKOS,actris_cl-20240213-skos__ACTRIS-Controlled-lists.rdf,72933,https://data.ecoportal.lifewatch.eu/ontologies/ACTRIS_CL/submissions/1
data.biodivportal.gfbio.org,CHEBI,20230511,OBO,chebi-20230511-obo__chebi.obo,208609597,https://data.biodivportal.gfbio.org/ontologies/CHEBI/submissions/1
data.biodivportal.gfbio.org,OBOE,20230802,OWL,oboe-20230802-owl__oboe.owl,523622,https://data.biodivportal.gfbio.org/ontologies/OBOE/submissions/1
data.biodivportal.gfbio.org,PATO,20240329,OWL,pato-20240329-owl__pato.owl,23924940,https://data.biodivportal.gfbio.org/ontologies/PATO/submissions/3
data.biodivportal.gfbio.org,SWEET,20230511,OWL,sweet-20230511-owl__sweetAll.owl,22451,https://data.biodivportal.gfbio.org/ontologies/SWEET/submissions/1
data.biodivportal.gfbio.org,KINGDOM,20230511,OWL,kingdom-20230511-owl__kingdom.owl,8928,https://data.biodivportal.gfbio.org/ontologies/KINGDOM/submissions/1
data.biodivportal.gfbio.org,QUDT,20230802,OWL,qudt-20230802-owl__VOCAB-QUDT-UNITS-ALL-v2.1.ttl,2628326,https://data.biodivportal.gfbio.org/ontologies/QUDT/submissions/1
data.biodivportal.gfbio.org,ATOL,20231204,OWL,atol-20231204-owl__atol.owl,6308179,https://data.biodivportal.gfbio.org/ontologies/ATOL/submissions/1
data.biodivportal.gfbio.org,THYSANOPTERA,20230731,OWL,thysanoptera-20230731-owl__thysanoptera.owl,6359260,https://data.biodivportal.gfbio.org/ontologies/THYSANOPTERA/submissions/1
data.biodivportal.gfbio.org,TRICHOPTERA,20230511,OWL,trichoptera-20230511-owl__trichoptera.owl,534325,https://data.biodivportal.gfbio.org/ontologies/TRICHOPTERA/submissions/1
data.biodivportal.gfbio.org,RIVERS_DE,20231106,OWL,rivers_de-20231106-owl__rivers-de.owl,8609658,https://data.biodivportal.gfbio.org/ontologies/RIVERS_DE/submissions/1
data.biodivportal.gfbio.org,ORIBATIDA,20230511,OWL,oribatida-20230511-owl__oribatida.owl,9946482,https://data.biodivportal.gfbio.org/ontologies/ORIBATIDA/submissions/1
data.biodivportal.gfbio.org,LIT_I,20230519,SKOS,lit_i-20230519-skos__lit-i2.rdf,861450,https://data.biodivportal.gfbio.org/ontologies/LIT_I/submissions/1
data.biodivportal.gfbio.org,GEONAMES,20230901,OWL,geonames-20230901-owl__geonames-ontology-v3.3.rdf,532782,https://data.biodivportal.gfbio.org/ontologies/GEONAMES/submissions/1
data.biodivportal.gfbio.org,IOC,20230804,OWL,ioc-20230804-owl__ioc.ttl,10431356,https://data.biodivportal.gfbio.org/ontologies/IOC/submissions/1
data.biodivportal.gfbio.org,PO,20230511,OBO,po-20230511-obo__po.obo,1311810,https://data.biodivportal.gfbio.org/ontologies/PO/submissions/1
data.biodivportal.gfbio.org,IHO,20230801,OWL,iho-20230801-owl__iho.owl,140100,https://data.biodivportal.gfbio.org/ontologies/IHO/submissions/1
data.biodivportal.gfbio.org,ISOCOUNTRIES,20230516,SKOS,isocountries-20230516-skos__isocountries.rdf,35542904,https://data.biodivportal.gfbio.org/ontologies/ISOCOUNTRIES/submissions/1
data.biodivportal.gfbio.org,BIOBANK,20230804,OWL,biobank-20230804-owl__BioBank.ttl,1619966,https://data.biodivportal.gfbio.org/ontologies/BIOBANK/submissions/1
data.biodivportal.gfbio.org,RECORDBASIS,20230511,OWL,recordbasis-20230511-owl__recordbasis.owl,9737,https://data.biodivportal.gfbio.org/ontologies/RECORDBASIS/submissions/1
data.biodivportal.gfbio.org,PTO,20230801,OWL,pto-20230801-owl__to-basic.obo,617488,https://data.biodivportal.gfbio.org/ontologies/PTO/submissions/1
data.biodivportal.gfbio.org,ENVO,20240217,OWL,envo-20240217-owl__envo.owl,9733906,https://data.biodivportal.gfbio.org/ontologies/ENVO/submissions/2
data.biodivportal.gfbio.org,ETS,20230511,OWL,ets-20230511-owl__ets.owl,114398,https://data.biodivportal.gfbio.org/ontologies/ETS/submissions/1
data.biodivportal.gfbio.org,BOHLMANN,20231106,OWL,bohlmann-20231106-owl__bohlmann.owl,72931415,https://data.biodivportal.gfbio.org/ontologies/BOHLMANN/submissions/1
data.biodivportal.gfbio.org,SCHEMAORG,20230624,OWL,schemaorg-20230624-owl__schemaorg.owl,1901171,https://data.biodivportal.gfbio.org/ontologies/SCHEMAORG/submissions/1
data.biodivportal.gfbio.org,I-ADOPT,20230624,OWL,i-adopt-20230624-owl__i-adopt.owl,12672,https://data.biodivportal.gfbio.org/ontologies/I-ADOPT/submissions/1
data.biodivportal.gfbio.org,BCO,20230802,OWL,bco-20230802-owl__bco.owl,899384,https://data.biodivportal.gfbio.org/ontologies/BCO/submissions/1
data.biodivportal.gfbio.org,ITIS,20240325,OWL,itis-20240325-owl__itis.zip,54476454,https://data.biodivportal.gfbio.org/ontologies/ITIS/submissions/1
data.agroportal.lirmm.fr,WHEATPHENOTYPE,20230908,OBO,wheatphenotype-20230908-obo__WheatPhenotype-Ontology-v3.2.obo,150684,https://data.agroportal.lirmm.fr/ontologies/WHEATPHENOTYPE/submissions/12
data.agroportal.lirmm.fr,XEO,20150623,OBO,xeo-20150623-obo__XEO-v1-6-v1.6-no-Instance.obo,16571,https://data.agroportal.lirmm.fr/ontologies/XEO/submissions/1
data.agroportal.lirmm.fr,CO_350,20220104,OWL,co_350-20220104-owl__owl.owl,847890,https://data.agroportal.lirmm.fr/ontologies/CO_350/submissions/57
data.agroportal.lirmm.fr,CO_345,20220104,OWL,co_345-20220104-owl__owl.owl,237090,https://data.agroportal.lirmm.fr/ontologies/CO_345/submissions/57
data.agroportal.lirmm.fr,TO,20230718,OWL,to-20230718-owl__to.owl,3182711,https://data.agroportal.lirmm.fr/ontologies/TO/submissions/15
data.agroportal.lirmm.fr,AGROVOC,20240503,SKOS,agrovoc-20240503-skos__agrovoc-lod.nt.zip,78626167,https://data.agroportal.lirmm.fr/ontologies/AGROVOC/submissions/45
data.agroportal.lirmm.fr,VT,20240424,OWL,vt-20240424-owl__vt.owl,5302661,https://data.agroportal.lirmm.fr/ontologies/VT/submissions/56
data.agroportal.lirmm.fr,OM,20240418,OWL,om-20240418-owl__om-2.0.rdf,2004944,https://data.agroportal.lirmm.fr/ontologies/OM/submissions/29
data.agroportal.lirmm.fr,STY,20220705,UMLS,sty-20220705-umls__umls-semantictypes.ttl,32566,https://data.agroportal.lirmm.fr/ontologies/STY/submissions/3
data.agroportal.lirmm.fr,PO,20240418,OWL,po-20240418-owl__po.owl,5415425,https://data.agroportal.lirmm.fr/ontologies/PO/submissions/19
data.agroportal.lirmm.fr,CO_341,20220104,OWL,co_341-20220104-owl__owl.owl,210692,https://data.agroportal.lirmm.fr/ontologies/CO_341/submissions/62
data.agroportal.lirmm.fr,EFO,20240415,OWL,efo-20240415-owl__efo.owl,228340545,https://data.agroportal.lirmm.fr/ontologies/EFO/submissions/68
data.agroportal.lirmm.fr,CO_338,20220104,OWL,co_338-20220104-owl__owl.owl,264241,https://data.agroportal.lirmm.fr/ontologies/CO_338/submissions/63
data.agroportal.lirmm.fr,CO_337,20220104,OWL,co_337-20220104-owl__owl.owl,502018,https://data.agroportal.lirmm.fr/ontologies/CO_337/submissions/63
data.agroportal.lirmm.fr,CO_366,20211201,OWL,co_366-20211201-owl__owl.owl,470263,https://data.agroportal.lirmm.fr/ontologies/CO_366/submissions/23
data.agroportal.lirmm.fr,DEMETER-AIM,20230317,OWL,demeter-aim-20230317-owl__demeterAgriProfile.ttl,4460,https://data.agroportal.lirmm.fr/ontologies/DEMETER-AIM/submissions/8
data.agroportal.lirmm.fr,PATO,20240328,OWL,pato-20240328-owl__pato.owl,23924940,https://data.agroportal.lirmm.fr/ontologies/PATO/submissions/41
data.agroportal.lirmm.fr,SPTO,20230913,OBO,spto-20230913-obo__SP.obo,119560,https://data.agroportal.lirmm.fr/ontologies/SPTO/submissions/4
data.agroportal.lirmm.fr,CO_347,20220126,OWL,co_347-20220126-owl__owl.owl,229370,https://data.agroportal.lirmm.fr/ontologies/CO_347/submissions/26
data.agroportal.lirmm.fr,CL,20240408,OWL,cl-20240408-owl__cl.owl,52744993,https://data.agroportal.lirmm.fr/ontologies/CL/submissions/51
data.agroportal.lirmm.fr,ENVO,20240217,OWL,envo-20240217-owl__envo.owl,9733906,https://data.agroportal.lirmm.fr/ontologies/ENVO/submissions/23
data.agroportal.lirmm.fr,LBO,20240423,OBO,lbo-20240423-obo__lbo.obo,155475,https://data.agroportal.lirmm.fr/ontologies/LBO/submissions/33
data.agroportal.lirmm.fr,GEMET,20220117,SKOS,gemet-20220117-skos__gemet.rdf.gz,7423725,https://data.agroportal.lirmm.fr/ontologies/GEMET/submissions/14
data.agroportal.lirmm.fr,RO,20240502,OWL,ro-20240502-owl__ro.owl,1113886,https://data.agroportal.lirmm.fr/ontologies/RO/submissions/39
data.agroportal.lirmm.fr,CO_321,20220104,OWL,co_321-20220104-owl__owl.owl,1397748,https://data.agroportal.lirmm.fr/ontologies/CO_321/submissions/63
data.agroportal.lirmm.fr,GO,20240430,OWL,go-20240430-owl__go.owl,126295773,https://data.agroportal.lirmm.fr/ontologies/GO/submissions/220
data.agroportal.lirmm.fr,CO_367,20240502,OWL,co_367-20240502-owl__rdf.owl,121772,https://data.agroportal.lirmm.fr/ontologies/CO_367/submissions/3
data.agroportal.lirmm.fr,CO_371,20240502,OWL,co_371-20240502-owl__rdf.owl,563591,https://data.agroportal.lirmm.fr/ontologies/CO_371/submissions/4
data.agroportal.lirmm.fr,CO_369,20221110,OWL,co_369-20221110-owl__rdf.owl,366394,https://data.agroportal.lirmm.fr/ontologies/CO_369/submissions/4
data.agroportal.lirmm.fr,VARIO,20210527,OWL,vario-20210527-owl__vario.owl,497896,https://data.agroportal.lirmm.fr/ontologies/VARIO/submissions/10
data.agroportal.lirmm.fr,CO_340,20220104,OWL,co_340-20220104-owl__owl.owl,604231,https://data.agroportal.lirmm.fr/ontologies/CO_340/submissions/60
data.agroportal.lirmm.fr,SIO,20230326,OWL,sio-20230326-owl__sio.owl,1134928,https://data.agroportal.lirmm.fr/ontologies/SIO/submissions/35
data.agroportal.lirmm.fr,CO_331,20220104,OWL,co_331-20220104-owl__owl.owl,1114686,https://data.agroportal.lirmm.fr/ontologies/CO_331/submissions/61
data.agroportal.lirmm.fr,CDAO,20240125,OWL,cdao-20240125-owl__cdao.owl,123591,https://data.agroportal.lirmm.fr/ontologies/CDAO/submissions/5
data.agroportal.lirmm.fr,CO_330,20220104,OWL,co_330-20220104-owl__owl.owl,892377,https://data.agroportal.lirmm.fr/ontologies/CO_330/submissions/57
data.agroportal.lirmm.fr,CROPUSAGE,20240429,SKOS,cropusage-20240429-skos__frenchCropUsage-thesaurus-latest.ttl,1111253,https://data.agroportal.lirmm.fr/ontologies/CROPUSAGE/submissions/22
data.agroportal.lirmm.fr,UO,20240411,OWL,uo-20240411-owl__uo.owl,559907,https://data.agroportal.lirmm.fr/ontologies/UO/submissions/1
data.agroportal.lirmm.fr,SO,20240411,OWL,so-20240411-owl__so.owl,5287726,https://data.agroportal.lirmm.fr/ontologies/SO/submissions/102
data.agroportal.lirmm.fr,CO_339,20220104,OWL,co_339-20220104-owl__owl.owl,233092,https://data.agroportal.lirmm.fr/ontologies/CO_339/submissions/63
data.agroportal.lirmm.fr,POLAPGEN_BARLEY,20200514,OWL,polapgen_barley-20200514-owl__owl.owl,676668,https://data.agroportal.lirmm.fr/ontologies/POLAPGEN_BARLEY/submissions/1
data.agroportal.lirmm.fr,CO_346,20220104,OWL,co_346-20220104-owl__owl.owl,277986,https://data.agroportal.lirmm.fr/ontologies/CO_346/submissions/59
data.agroportal.lirmm.fr,PSO,20240419,OWL,pso-20240419-owl__pso.owl,5002081,https://data.agroportal.lirmm.fr/ontologies/PSO/submissions/1
data.agroportal.lirmm.fr,CSOPRA,20240204,OWL,csopra-20240204-owl__ontology.owl,144181,https://data.agroportal.lirmm.fr/ontologies/CSOPRA/submissions/102
data.agroportal.lirmm.fr,CO_333,20220209,OWL,co_333-20220209-owl__co-333.owl,1381449,https://data.agroportal.lirmm.fr/ontologies/CO_333/submissions/10
data.agroportal.lirmm.fr,OBOE,20170922,OWL,oboe-20170922-owl__oboe.owl,3699,https://data.agroportal.lirmm.fr/ontologies/OBOE/submissions/1
data.agroportal.lirmm.fr,PR,20240217,OWL,pr-20240217-owl__pro-reasoned.owl,1375065349,https://data.agroportal.lirmm.fr/ontologies/PR/submissions/6
data.agroportal.lirmm.fr,INRAETHES,20210317,SKOS,inraethes-20210317-skos__thesaurusINRAE-skos-2024-02-05-V2.0.rdf,21377543,https://data.agroportal.lirmm.fr/ontologies/INRAETHES/submissions/9
data.agroportal.lirmm.fr,PO2,20190603,OWL,po2-20190603-owl__PO2-V2.ttl,190762,https://data.agroportal.lirmm.fr/ontologies/PO2/submissions/4
data.agroportal.lirmm.fr,CO_348,20220104,OWL,co_348-20220104-owl__owl.owl,427040,https://data.agroportal.lirmm.fr/ontologies/CO_348/submissions/58
data.agroportal.lirmm.fr,CO_356,20211220,OWL,co_356-20211220-owl__owl.owl,430850,https://data.agroportal.lirmm.fr/ontologies/CO_356/submissions/41
data.agroportal.lirmm.fr,ONTOBIOTOPE,20211201,OBO,ontobiotope-20211201-obo__OntoBiotope-oct-2021.obo,441325,https://data.agroportal.lirmm.fr/ontologies/ONTOBIOTOPE/submissions/8
data.agroportal.lirmm.fr,FALDO,20181213,OWL,faldo-20181213-owl__faldo.ttl,13615,https://data.agroportal.lirmm.fr/ontologies/FALDO/submissions/2
data.agroportal.lirmm.fr,CDNO,20240329,OWL,cdno-20240329-owl__cdno.owl,9741333,https://data.agroportal.lirmm.fr/ontologies/CDNO/submissions/3
data.agroportal.lirmm.fr,EDAM,20200618,OWL,edam-20200618-owl__EDAM.owl,3239950,https://data.agroportal.lirmm.fr/ontologies/EDAM/submissions/13
data.agroportal.lirmm.fr,PPDO,20240430,OWL,ppdo-20240430-owl__blob.owl,1258698,https://data.agroportal.lirmm.fr/ontologies/PPDO/submissions/10
data.agroportal.lirmm.fr,CO_335,20220104,OWL,co_335-20220104-owl__owl.owl,586071,https://data.agroportal.lirmm.fr/ontologies/CO_335/submissions/57
data.agroportal.lirmm.fr,CO_334,20220104,OWL,co_334-20220104-owl__owl.owl,919130,https://data.agroportal.lirmm.fr/ontologies/CO_334/submissions/60
data.agroportal.lirmm.fr,CO_336,20211025,OWL,co_336-20211025-owl__co-336.rdf,306581,https://data.agroportal.lirmm.fr/ontologies/CO_336/submissions/12
data.agroportal.lirmm.fr,TRANSFORMON,20240108,OWL,transformon-20240108-owl__TransformON-V4.ttl,5475552,https://data.agroportal.lirmm.fr/ontologies/TRANSFORMON/submissions/4
data.agroportal.lirmm.fr,BIODIVTHES,20220927,SKOS,biodivthes-20220927-skos__Biodiversite2.1exportLoterreuneskos.rdf,2098409,https://data.agroportal.lirmm.fr/ontologies/BIODIVTHES/submissions/5
data.agroportal.lirmm.fr,GFVO,20200630,OWL,gfvo-20200630-owl__gfvo-bioportal.xml,141603,https://data.agroportal.lirmm.fr/ontologies/GFVO/submissions/4
data.agroportal.lirmm.fr,GECO,20180710,OWL,geco-20180710-owl__geco-original-v1.0.rdf,33864,https://data.agroportal.lirmm.fr/ontologies/GECO/submissions/90
data.agroportal.lirmm.fr,SOY,20201212,OBO,soy-20201212-obo__Soy10.2.4,671005,https://data.agroportal.lirmm.fr/ontologies/SOY/submissions/7
data.agroportal.lirmm.fr,DSW,20220218,OWL,dsw-20220218-owl__dsw.owl,40913,https://data.agroportal.lirmm.fr/ontologies/DSW/submissions/3
data.agroportal.lirmm.fr,CO_320,20220104,OWL,co_320-20220104-owl__owl.owl,1462054,https://data.agroportal.lirmm.fr/ontologies/CO_320/submissions/63
data.agroportal.lirmm.fr,TRANSMAT,20190704,OWL,transmat-20190704-owl__TRANSMAT.owl,850207,https://data.agroportal.lirmm.fr/ontologies/TRANSMAT/submissions/5
data.agroportal.lirmm.fr,EOL,20200123,OWL,eol-20200123-owl__eol.owl,657213,https://data.agroportal.lirmm.fr/ontologies/EOL/submissions/247
data.agroportal.lirmm.fr,SAREF,20220422,OWL,saref-20220422-owl__saref.ttl,74702,https://data.agroportal.lirmm.fr/ontologies/SAREF/submissions/2
data.agroportal.lirmm.fr,TOP,20180226,OWL,top-20180226-owl__TOP-AgroPortal-final2.rdf,1451481,https://data.agroportal.lirmm.fr/ontologies/TOP/submissions/1
data.agroportal.lirmm.fr,TAXREF-LD,20230622,OWL,taxref-ld-20230622-owl__taxrefld-singlefile-agropportal.ttl,860470977,https://data.agroportal.lirmm.fr/ontologies/TAXREF-LD/submissions/5
data.agroportal.lirmm.fr,LPT,20221229,OBO,lpt-20221229-obo__lpt.obo,215303,https://data.agroportal.lirmm.fr/ontologies/LPT/submissions/13
data.agroportal.lirmm.fr,IRRIG,20200313,OWL,irrig-20200313-owl__ontology.owl,58541,https://data.agroportal.lirmm.fr/ontologies/IRRIG/submissions/1
data.agroportal.lirmm.fr,NALT,20230207,SKOS,nalt-20230207-skos__nalt-full-2024-02-19-rdf.zip,7942733,https://data.agroportal.lirmm.fr/ontologies/NALT/submissions/10
data.agroportal.lirmm.fr,SSN,20180813,OWL,ssn-20180813-owl__ssn.owl,22714,https://data.agroportal.lirmm.fr/ontologies/SSN/submissions/2
data.agroportal.lirmm.fr,ASFA,20230712,SKOS,asfa-20230712-skos__asfa.rdf,108916169,https://data.agroportal.lirmm.fr/ontologies/ASFA/submissions/1
data.agroportal.lirmm.fr,MICROFILTRATION,20201026,OWL,microfiltration-20201026-owl__MICROFILTRATION.owl,303854,https://data.agroportal.lirmm.fr/ontologies/MICROFILTRATION/submissions/1
data.agroportal.lirmm.fr,BFO,20190827,OWL,bfo-20190827-owl__bfo-classes-only.owl,157931,https://data.agroportal.lirmm.fr/ontologies/BFO/submissions/3
data.agroportal.lirmm.fr,ADW,20240503,OWL,adw-20240503-owl__ADW-ontology.owl,149094,https://data.agroportal.lirmm.fr/ontologies/ADW/submissions/2
data.agroportal.lirmm.fr,AFO,20181227,SKOS,afo-20181227-skos__afo-skos.rdf,21980345,https://data.agroportal.lirmm.fr/ontologies/AFO/submissions/2
data.agroportal.lirmm.fr,ASCOPAIN-T,20171019,SKOS,ascopain-t-20171019-skos__AscoPain-T-1.0.rdf,77612,https://data.agroportal.lirmm.fr/ontologies/ASCOPAIN-T/submissions/1
data.agroportal.lirmm.fr,NCBITAXON,20230827,OWL,ncbitaxon-20230827-owl__NCBITAXON.ttl,480408492,https://data.agroportal.lirmm.fr/ontologies/NCBITAXON/submissions/25
data.agroportal.lirmm.fr,FOODIE,20200722,OWL,foodie-20200722-owl__foodie.ttl,59779,https://data.agroportal.lirmm.fr/ontologies/FOODIE/submissions/2
data.agroportal.lirmm.fr,CO_357,20220211,OWL,co_357-20220211-owl__co-357.rdf,1407584,https://data.agroportal.lirmm.fr/ontologies/CO_357/submissions/58
data.agroportal.lirmm.fr,LANDVOC,20211223,SKOS,landvoc-20211223-skos__LandVoc-concepts.rdf,8782242,https://data.agroportal.lirmm.fr/ontologies/LANDVOC/submissions/4
data.agroportal.lirmm.fr,CO_326,20240502,OWL,co_326-20240502-owl__rdf.owl,734195,https://data.agroportal.lirmm.fr/ontologies/CO_326/submissions/3
data.agroportal.lirmm.fr,INIA-RDM,20181116,OWL,inia-rdm-20181116-owl__ontology.xml,209474,https://data.agroportal.lirmm.fr/ontologies/INIA-RDM/submissions/1
data.agroportal.lirmm.fr,ATOL,20200123,OWL,atol-20200123-owl__atol.owl,6308179,https://data.agroportal.lirmm.fr/ontologies/ATOL/submissions/154
data.agroportal.lirmm.fr,CLC,20181001,SKOS,clc-20181001-skos__corine.rdf,88097,https://data.agroportal.lirmm.fr/ontologies/CLC/submissions/1
data.agroportal.lirmm.fr,ANDO,20181114,OWL,ando-20181114-owl__AnimalDiseasesOntology-v3.1-allClasses.xml,1916270,https://data.agroportal.lirmm.fr/ontologies/ANDO/submissions/4
data.agroportal.lirmm.fr,SEONT,20240503,OWL,seont-20240503-owl__seont-full.owl,2110978,https://data.agroportal.lirmm.fr/ontologies/SEONT/submissions/2
data.agroportal.lirmm.fr,SOSA,20180813,OWL,sosa-20180813-owl__sosa.owl,27326,https://data.agroportal.lirmm.fr/ontologies/SOSA/submissions/2
data.agroportal.lirmm.fr,ANT,20171016,OWL,ant-20171016-owl__at.owl,48959,https://data.agroportal.lirmm.fr/ontologies/ANT/submissions/1
data.agroportal.lirmm.fr,TAXRANK,20240327,OWL,taxrank-20240327-owl__taxrank.owl,60225,https://data.agroportal.lirmm.fr/ontologies/TAXRANK/submissions/1
data.agroportal.lirmm.fr,AGRORDF,20171010,OWL,agrordf-20171010-owl__xml.owl,144119,https://data.agroportal.lirmm.fr/ontologies/AGRORDF/submissions/1
data.agroportal.lirmm.fr,CO_359,20220407,OWL,co_359-20220407-owl__owl.owl,1013567,https://data.agroportal.lirmm.fr/ontologies/CO_359/submissions/68
data.agroportal.lirmm.fr,PPO,20191211,OWL,ppo-20191211-owl__ppo.owl,1590150,https://data.agroportal.lirmm.fr/ontologies/PPO/submissions/1
data.agroportal.lirmm.fr,BIPON,20240403,OWL,bipon-20240403-owl__BiPON.owl,3707496,https://data.agroportal.lirmm.fr/ontologies/BIPON/submissions/1
data.agroportal.lirmm.fr,BIOREFINERY,20230112,OWL,biorefinery-20230112-owl__BIOREFINERY1.owl,896584,https://data.agroportal.lirmm.fr/ontologies/BIOREFINERY/submissions/8
data.agroportal.lirmm.fr,CVO,20210215,SKOS,cvo-20210215-skos__cvo-ver-2-03-modified-AgroPortal.ttl,1072549,https://data.agroportal.lirmm.fr/ontologies/CVO/submissions/2
data.agroportal.lirmm.fr,SAREF4ENVI,20240305,OWL,saref4envi-20240305-owl__saref4envi.ttl,52526,https://data.agroportal.lirmm.fr/ontologies/SAREF4ENVI/submissions/2
data.agroportal.lirmm.fr,CO_343,20220104,OWL,co_343-20220104-owl__owl.owl,613647,https://data.agroportal.lirmm.fr/ontologies/CO_343/submissions/56
data.agroportal.lirmm.fr,PEAO,20200630,OWL,peao-20200630-owl__PlantExperimentalAssayOntology.owl,124810,https://data.agroportal.lirmm.fr/ontologies/PEAO/submissions/2
data.agroportal.lirmm.fr,PECO,20231110,OWL,peco-20231110-owl__peco.owl,1930042,https://data.agroportal.lirmm.fr/ontologies/PECO/submissions/7
data.agroportal.lirmm.fr,MILKOLIGO,20231018,SKOS,milkoligo-20231018-skos__MilkOligoThesaurus-HoloOLIGO-dec2023.rdf,219146,https://data.agroportal.lirmm.fr/ontologies/MILKOLIGO/submissions/7
data.agroportal.lirmm.fr,AGFOOD,20230710,SKOS,agfood-20230710-skos__Agroalimentaire-SKOS.xml,4678354,https://data.agroportal.lirmm.fr/ontologies/AGFOOD/submissions/1
data.agroportal.lirmm.fr,SDGIO,20180811,OWL,sdgio-20180811-owl__sdgio.owl,1288847,https://data.agroportal.lirmm.fr/ontologies/SDGIO/submissions/2
data.agroportal.lirmm.fr,EBO,20230818,OWL,ebo-20230818-owl__ebo.owl,150133,https://data.agroportal.lirmm.fr/ontologies/EBO/submissions/5
data.agroportal.lirmm.fr,AAO,20240416,OWL,aao-20240416-owl__aao-ver-4-06.ttl,312495,https://data.agroportal.lirmm.fr/ontologies/AAO/submissions/2
data.agroportal.lirmm.fr,CO_365,20220104,OWL,co_365-20220104-owl__owl.owl,294619,https://data.agroportal.lirmm.fr/ontologies/CO_365/submissions/51
data.agroportal.lirmm.fr,OESO-CORE,20220825,OWL,oeso-core-20220825-owl__oeso-core.owl,104125,https://data.agroportal.lirmm.fr/ontologies/OESO-CORE/submissions/1
data.agroportal.lirmm.fr,BOHLMANN,20240429,OWL,bohlmann-20240429-owl__bohlmann.owl,72931415,https://data.agroportal.lirmm.fr/ontologies/BOHLMANN/submissions/1
data.agroportal.lirmm.fr,CASO,20210226,OWL,caso-20210226-owl__caso.owl,65695,https://data.agroportal.lirmm.fr/ontologies/CASO/submissions/5
data.agroportal.lirmm.fr,ONS,20230911,OWL,ons-20230911-owl__ons-release-v1.1.owl,141241,https://data.agroportal.lirmm.fr/ontologies/ONS/submissions/1
data.agroportal.lirmm.fr,USE,20180125,OBO,use-20180125-obo__Use-V2.obo,9358,https://data.agroportal.lirmm.fr/ontologies/USE/submissions/3
data.agroportal.lirmm.fr,C3PO,20230227,OWL,c3po-20230227-owl__crop-planning-production-process-ontology.xml,1746,https://data.agroportal.lirmm.fr/ontologies/C3PO/submissions/1
data.agroportal.lirmm.fr,ECTO,20240410,OWL,ecto-20240410-owl__ecto.owl,40043624,https://data.agroportal.lirmm.fr/ontologies/ECTO/submissions/1
data.agroportal.lirmm.fr,BCO,20171012,OWL,bco-20171012-owl__bco.rdf,551177,https://data.agroportal.lirmm.fr/ontologies/BCO/submissions/1
data.agroportal.lirmm.fr,INFRARISK,20210211,OWL,infrarisk-20210211-owl__infrarisk.rdf,34427,https://data.agroportal.lirmm.fr/ontologies/INFRARISK/submissions/8
data.agroportal.lirmm.fr,OBA,20240410,OWL,oba-20240410-owl__oba.owl,110754135,https://data.agroportal.lirmm.fr/ontologies/OBA/submissions/1
data.agroportal.lirmm.fr,FOODEX2,20200424,SKOS,foodex2-20200424-skos__FoodEx2-version-AP.rdf,218738144,https://data.agroportal.lirmm.fr/ontologies/FOODEX2/submissions/2
rest.matportal.org,LPBFO,20221013,OWL,lpbfo-20221013-owl__LPBFO.owl,96117,http://rest.matportal.org/ontologies/LPBFO/submissions/8
rest.matportal.org,NMRRVOCAB,20210415,SKOS,nmrrvocab-20210415-skos__NMRRVocab20171102.rdf,336956,http://rest.matportal.org/ontologies/NMRRVOCAB/submissions/1
rest.matportal.org,MAMBO,20240504,OWL,mambo-20240504-owl__mambo.owl,44371,http://rest.matportal.org/ontologies/MAMBO/submissions/2
rest.matportal.org,PMDCO,20230524,OWL,pmdco-20230524-owl__pmdco-core.ttl,263391,http://rest.matportal.org/ontologies/PMDCO/submissions/1
rest.matportal.org,MM,20211019,OWL,mm-20211019-owl__materialsmine.ttl,127967,http://rest.matportal.org/ontologies/MM/submissions/1
rest.matportal.org,MDO-FULL,20210415,OWL,mdo-full-20210415-owl__mdo-full.owl,3477,http://rest.matportal.org/ontologies/MDO-FULL/submissions/1
rest.matportal.org,VIMMP_ONTOLOGIES,20210825,OWL,vimmp_ontologies-20210825-owl__combined-vimmp-ontologies.owl,1939723,http://rest.matportal.org/ontologies/VIMMP_ONTOLOGIES/submissions/1
rest.matportal.org,AMONTOLOGY,20210415,OWL,amontology-20210415-owl__AMOntology-vFinal1.owl,53088,http://rest.matportal.org/ontologies/AMONTOLOGY/submissions/1
data.industryportal.enit.fr,FALCON,20211201,OWL,falcon-20211201-owl__falconto.owl?token=ABMU5ZEBWMWBM3NBRWYGRCLBWCSSK,31672,https://data.industryportal.enit.fr/ontologies/FALCON/submissions/1
data.industryportal.enit.fr,IOF-SCRO,20231010,OWL,iof-scro-20231010-owl__SupplyChainReferenceOntology.rdf,241165,https://data.industryportal.enit.fr/ontologies/IOF-SCRO/submissions/1
data.industryportal.enit.fr,REQSPECONTO,20231013,OWL,reqspeconto-20231013-owl__ReqSpecOnto-with-individuals-v1.0.owl,88562,https://data.industryportal.enit.fr/ontologies/REQSPECONTO/submissions/1
data.industryportal.enit.fr,IOF-MAINTENANCE,20231010,OWL,iof-maintenance-20231010-owl__MaintenanceReferenceOntology.rdf,42051,https://data.industryportal.enit.fr/ontologies/IOF-MAINTENANCE/submissions/2
data.industryportal.enit.fr,SAREF,20221214,OWL,saref-20221214-owl__saref.ttl,74702,https://data.industryportal.enit.fr/ontologies/SAREF/submissions/2
data.industryportal.enit.fr,IOF-AV,20231010,OWL,iof-av-20231010-owl__AnnotationVocabulary.rdf,37852,https://data.industryportal.enit.fr/ontologies/IOF-AV/submissions/2
data.industryportal.enit.fr,EMMO-MECH-TEST,20220713,OWL,emmo-mech-test-20220713-owl__emmo-mechanical-testing.owl,334890,https://data.industryportal.enit.fr/ontologies/EMMO-MECH-TEST/submissions/8
data.industryportal.enit.fr,GI2MO,20211201,OWL,gi2mo-20211201-owl__ns.owl,104052,https://data.industryportal.enit.fr/ontologies/GI2MO/submissions/1
data.industryportal.enit.fr,BFO,20240404,OWL,bfo-20240404-owl__bfo-core.owl,98392,https://data.industryportal.enit.fr/ontologies/BFO/submissions/2
data.industryportal.enit.fr,IOF-CORE,20231010,OWL,iof-core-20231010-owl__Core.rdf,282940,https://data.industryportal.enit.fr/ontologies/IOF-CORE/submissions/3
data.industryportal.enit.fr,DEMO,20211201,OWL,demo-20211201-owl__DeMO.owl,178557,https://data.industryportal.enit.fr/ontologies/DEMO/submissions/1
data.industryportal.enit.fr,SAREF4INMA,20211129,OWL,saref4inma-20211129-owl__ontology-saref4inma.ttl,45208,https://data.industryportal.enit.fr/ontologies/SAREF4INMA/submissions/1
data.industryportal.enit.fr,REC,20230223,OWL,rec-20230223-owl__REC.owl,1181762,https://data.industryportal.enit.fr/ontologies/REC/submissions/1
data.industryportal.enit.fr,IAO,20230115,OWL,iao-20230115-owl__iao.owl,589716,https://data.industryportal.enit.fr/ontologies/IAO/submissions/1
data.industryportal.enit.fr,MANUSERVICE,20211129,OWL,manuservice-20211129-owl__ManuService.owl,177900,https://data.industryportal.enit.fr/ontologies/MANUSERVICE/submissions/1
data.industryportal.enit.fr,ROMAIN,20211130,OWL,romain-20211130-owl__ROMAIN.owl,49330,https://data.industryportal.enit.fr/ontologies/ROMAIN/submissions/1
data.industryportal.enit.fr,Z-BRE4K,20211205,OWL,z-bre4k-20211205-owl__Z-bre4k.rdf,61535,https://data.industryportal.enit.fr/ontologies/Z-BRE4K/submissions/1
data.industryportal.enit.fr,VAR,20211205,OWL,var-20211205-owl__ontology.ttl,286304,https://data.industryportal.enit.fr/ontologies/VAR/submissions/1
data.industryportal.enit.fr,I40KG,20211201,OWL,i40kg-20211201-owl__ontology.xml,930140,https://data.industryportal.enit.fr/ontologies/I40KG/submissions/1
data.industryportal.enit.fr,IMAMO,20211208,OWL,imamo-20211208-owl__IMAMO.owl,37580,https://data.industryportal.enit.fr/ontologies/IMAMO/submissions/1
data.industryportal.enit.fr,STY,20210826,UMLS,sty-20210826-umls__umls-semantictypes.ttl,32566,https://data.industryportal.enit.fr/ontologies/STY/submissions/1
data.industryportal.enit.fr,GRACE,20211205,OWL,grace-20211205-owl__grace-ontology-with-assert.owl,129777,https://data.industryportal.enit.fr/ontologies/GRACE/submissions/1
data.industryportal.enit.fr,MSDL,20211129,OWL,msdl-20211129-owl__MSDL-Ontology.owl,1740088,https://data.industryportal.enit.fr/ontologies/MSDL/submissions/1
data.industryportal.enit.fr,SSN,20230223,OWL,ssn-20230223-owl__SSN.owl,58742,https://data.industryportal.enit.fr/ontologies/SSN/submissions/1
data.industryportal.enit.fr,EXTRUONT,20211201,OWL,extruont-20211201-owl__ExtruOnt.owl,100307,https://data.industryportal.enit.fr/ontologies/EXTRUONT/submissions/1
data.industryportal.enit.fr,FUNSTEP,20211130,OWL,funstep-20211130-owl__FurnitureSectorTaxonomy-v2.5.1.owl,892779,https://data.industryportal.enit.fr/ontologies/FUNSTEP/submissions/1
data.industryportal.enit.fr,CCO,20240422,OWL,cco-20240422-owl__MergedAllCoreOntology-v1.5-2024-02-14.ttl,1443146,https://data.industryportal.enit.fr/ontologies/CCO/submissions/1
data.earthportal.eu,TOZ,20240508,SKOS,toz-20240508-skos__theia-ozcar-thesaurus.rdf,4056951,https://data.earthportal.eu/ontologies/TOZ/submissions/3
data.earthportal.eu,NVS_P02,20231011,SKOS,nvs_p02-20231011-skos__NVS-P02-EarthPortal.ttl,3925072,https://data.earthportal.eu/ontologies/NVS_P02/submissions/1
data.earthportal.eu,EASYDATA_KW,20240319,SKOS,easydata_kw-20240319-skos__motsClefs.ttl,2122784,https://data.earthportal.eu/ontologies/EASYDATA_KW/submissions/6
data.earthportal.eu,SWEET,20240319,OWL,sweet-20240319-owl__sweetAll.owl,22451,https://data.earthportal.eu/ontologies/SWEET/submissions/9
data.earthportal.eu,FMT_NET,20240308,SKOS,fmt_net-20240308-skos__formater-reseau-220722.ttl,11862,https://data.earthportal.eu/ontologies/FMT_NET/submissions/1
data.earthportal.eu,EASYDATA_INFRA,20240412,SKOS,easydata_infra-20240412-skos__InfraRecherche.ttl,137597,https://data.earthportal.eu/ontologies/EASYDATA_INFRA/submissions/6
data.earthportal.eu,FMT_FOI,20240308,SKOS,fmt_foi-20240308-skos__formater-foi-220722.ttl,36278,https://data.earthportal.eu/ontologies/FMT_FOI/submissions/1
data.earthportal.eu,FMT_DT,20240308,SKOS,fmt_dt-20240308-skos__formater-discipline-220722.ttl,17171,https://data.earthportal.eu/ontologies/FMT_DT/submissions/1
data.earthportal.eu,NVS_OD1,20231031,SKOS,nvs_od1-20231031-skos__NVS-OD1.ttl,47837,https://data.earthportal.eu/ontologies/NVS_OD1/submissions/1
data.earthportal.eu,EASYDATA_THEMES,20240319,SKOS,easydata_themes-20240319-skos__Voc-thematique.ttl,307007,https://data.earthportal.eu/ontologies/EASYDATA_THEMES/submissions/2
data.earthportal.eu,SXT_AOB,20231031,SKOS,sxt_aob-20231031-skos__myocean.area-of-benefit-updated.rdf,2840,https://data.earthportal.eu/ontologies/SXT_AOB/submissions/1
data.earthportal.eu,FMT_VAR,20240308,SKOS,fmt_var-20240308-skos__formater-variable-220722.ttl,73143,https://data.earthportal.eu/ontologies/FMT_VAR/submissions/1
data.earthportal.eu,NVS_P06,20231013,SKOS,nvs_p06-20231013-skos__NVS-P06.ttl,3724703,https://data.earthportal.eu/ontologies/NVS_P06/submissions/1
data.earthportal.eu,BRGM_UOM,20231115,SKOS,brgm_uom-20231115-skos__uom.ttl,1021349,https://data.earthportal.eu/ontologies/BRGM_UOM/submissions/1
data.earthportal.eu,ARG,20230922,OWL,arg-20230922-owl__argo-floats.ttl,20093,https://data.earthportal.eu/ontologies/ARG/submissions/2
data.earthportal.eu,AER_PRM,20230915,SKOS,aer_prm-20230915-skos__Parameters.ttl,1209192,https://data.earthportal.eu/ontologies/AER_PRM/submissions/1
data.earthportal.eu,BRGM_LTH,20231115,SKOS,brgm_lth-20231115-skos__litho.ttl,1179917,https://data.earthportal.eu/ontologies/BRGM_LTH/submissions/1
data.earthportal.eu,SDNDEV,20231013,SKOS,sdndev-20231013-skos__NVS-SDNDEV-542-withTopLevelConcepts-someBroaders1.rdf,2921572,https://data.earthportal.eu/ontologies/SDNDEV/submissions/1
data.earthportal.eu,SOSA,20240327,OWL,sosa-20240327-owl__sosa.owl,27326,https://data.earthportal.eu/ontologies/SOSA/submissions/1
data.earthportal.eu,ACTRIS_VOCAB,20240328,SKOS,actris_vocab-20240328-skos__ACTRIS-vocabulary.ttl,3479377,https://data.earthportal.eu/ontologies/ACTRIS_VOCAB/submissions/1
data.earthportal.eu,NVS_R,20231002,SKOS,nvs_r-20231002-skos__Query1.ttl,4259918,https://data.earthportal.eu/ontologies/NVS_R/submissions/1
data.earthportal.eu,NVS_L05,20230922,SKOS,nvs_l05-20230922-skos__NVS-L05-EarthPortal.ttl,628499,https://data.earthportal.eu/ontologies/NVS_L05/submissions/1
data.earthportal.eu,NVS_P07,20231130,SKOS,nvs_p07-20231130-skos__NVS-P07-updated-2.ttl,9830547,https://data.earthportal.eu/ontologies/NVS_P07/submissions/2
data.earthportal.eu,AER_PJT,20230915,SKOS,aer_pjt-20230915-skos__Projects.ttl,202138,https://data.earthportal.eu/ontologies/AER_PJT/submissions/1
data.earthportal.eu,SXT_CDO,20231011,SKOS,sxt_cdo-20231011-skos__odatis-centre-donnees.ttl,5301,https://data.earthportal.eu/ontologies/SXT_CDO/submissions/1
data.earthportal.eu,FMT_INT,20240308,SKOS,fmt_int-20240308-skos__formater-instrument-220722.ttl,25066,https://data.earthportal.eu/ontologies/FMT_INT/submissions/1
data.earthportal.eu,STY,20220602,UMLS,sty-20220602-umls__umls-semantictypes.ttl,32566,https://data.earthportal.eu/ontologies/STY/submissions/1
data.earthportal.eu,FMT_PTF,20240308,SKOS,fmt_ptf-20240308-skos__formater-platform-220722.ttl,19228,https://data.earthportal.eu/ontologies/FMT_PTF/submissions/1
data.earthportal.eu,AER_INS,20230914,SKOS,aer_ins-20230914-skos__Instruments.ttl,442076,https://data.earthportal.eu/ontologies/AER_INS/submissions/1
data.earthportal.eu,NVS_L22,20230922,SKOS,nvs_l22-20230922-skos__NVS-L22-EarthPortal.ttl,3973589,https://data.earthportal.eu/ontologies/NVS_L22/submissions/2
data.earthportal.eu,SSN,20240327,OWL,ssn-20240327-owl__ssn.owl,22714,https://data.earthportal.eu/ontologies/SSN/submissions/1
data.earthportal.eu,FMT_PRO,20240308,SKOS,fmt_pro-20240308-skos__formater-produit-220722.ttl,7644,https://data.earthportal.eu/ontologies/FMT_PRO/submissions/1
data.earthportal.eu,ACTRIS_CL,20240422,SKOS,actris_cl-20240422-skos__ACTRIS-controlled-lists.ttl,40408,https://data.earthportal.eu/ontologies/ACTRIS_CL/submissions/1
data.earthportal.eu,AER_PFM,20230915,SKOS,aer_pfm-20230915-skos__Platforms.ttl,298575,https://data.earthportal.eu/ontologies/AER_PFM/submissions/1
